Feature,Type,Description
recorded_present,Incidence (0/1),1 indicates presence/yes; 0 indicates absence/no.
recorded_present.1,Incidence (0/1),1 indicates presence/yes; 0 indicates absence/no.
recorded_present.2,Incidence (0/1),1 indicates presence/yes; 0 indicates absence/no.
recorded_present.3,Incidence (0/1),1 indicates presence/yes; 0 indicates absence/no.
recorded_present.4,Incidence (0/1),1 indicates presence/yes; 0 indicates absence/no.
status,Incidence (0/1),1 indicates presence/yes; 0 indicates absence/no.
status.1,Incidence (0/1),1 indicates presence/yes; 0 indicates absence/no.
status.2,Incidence (from 1/2),1 if trait state is confirmed (1) or suspected (2); 0 otherwise/blank.
status.3,Incidence (0/1),1 indicates presence/yes; 0 indicates absence/no.
status.4,Incidence (0/1),1 indicates presence/yes; 0 indicates absence/no.
status.5,Incidence (from 1/2),1 if trait state is confirmed (1) or suspected (2); 0 otherwise/blank.
status.6,Incidence (0/1),1 indicates presence/yes; 0 indicates absence/no.
status.7,Incidence (0/1),1 indicates presence/yes; 0 indicates absence/no.
status.8,Incidence (0/1),1 indicates presence/yes; 0 indicates absence/no.
status.10,Incidence (0/1),1 indicates presence/yes; 0 indicates absence/no.
status.11,Incidence (0/1),1 indicates presence/yes; 0 indicates absence/no.
status.12,Incidence (0/1),1 indicates presence/yes; 0 indicates absence/no.
status.13,Incidence (0/1),1 indicates presence/yes; 0 indicates absence/no.
status.14,Incidence (0/1),1 indicates presence/yes; 0 indicates absence/no.
status.15,Incidence (0/1),1 indicates presence/yes; 0 indicates absence/no.
status.16,Incidence (0/1),1 indicates presence/yes; 0 indicates absence/no.
status.18,Incidence (0/1),1 indicates presence/yes; 0 indicates absence/no.
status.19,Incidence (0/1),1 indicates presence/yes; 0 indicates absence/no.
status.20,Incidence (0/1),1 indicates presence/yes; 0 indicates absence/no.
status.21,Incidence (0/1),1 indicates presence/yes; 0 indicates absence/no.
status.22,Incidence (0/1),1 indicates presence/yes; 0 indicates absence/no.
status.23,Incidence (0/1),1 indicates presence/yes; 0 indicates absence/no.
status.24,Incidence (0/1),1 indicates presence/yes; 0 indicates absence/no.
status.25,Incidence (0/1),1 indicates presence/yes; 0 indicates absence/no.
status.29,Incidence (0/1),1 indicates presence/yes; 0 indicates absence/no.
status.30,Incidence (0/1),1 indicates presence/yes; 0 indicates absence/no.
status.31,Incidence (0/1),1 indicates presence/yes; 0 indicates absence/no.
population_trends,Incidence (0/1),1 indicates presence/yes; 0 indicates absence/no.
population_trends.1,Incidence (0/1),1 indicates presence/yes; 0 indicates absence/no.
population_trends.4,Incidence (0/1),1 indicates presence/yes; 0 indicates absence/no.
population_trends.7,Incidence (0/1),1 indicates presence/yes; 0 indicates absence/no.
photoperiod,Incidence (0/1),1 indicates presence/yes; 0 indicates absence/no.
photoperiod.1,Incidence (0/1),1 indicates presence/yes; 0 indicates absence/no.
photoperiod.2,Incidence (0/1),1 indicates presence/yes; 0 indicates absence/no.
larval_habitat,Incidence (0/1),1 indicates presence/yes; 0 indicates absence/no.
larval_habitat.1,Incidence (0/1),1 indicates presence/yes; 0 indicates absence/no.
larval_habitat.2,Incidence (from 1/2),1 if trait state is confirmed (1) or suspected (2); 0 otherwise/blank.
pupal_habit,Incidence (0/1),1 indicates presence/yes; 0 indicates absence/no.
pupal_habit.1,Incidence (from 1/2),1 if trait state is confirmed (1) or suspected (2); 0 otherwise/blank.
pupal_habit.2,Incidence (from 1/2),1 if trait state is confirmed (1) or suspected (2); 0 otherwise/blank.
pupal_habit.3,Incidence (from 1/2),1 if trait state is confirmed (1) or suspected (2); 0 otherwise/blank.
pupal_habit.4,Incidence (0/1),1 indicates presence/yes; 0 indicates absence/no.
pupal_habit.5,Incidence (0/1),1 indicates presence/yes; 0 indicates absence/no.
pupal_habit.6,Incidence (0/1),1 indicates presence/yes; 0 indicates absence/no.
pupal_habit.7,Incidence (0/1),1 indicates presence/yes; 0 indicates absence/no.
wingless_reduced_wing_females,Incidence (0/1),1 indicates presence/yes; 0 indicates absence/no.
voltinism,Incidence (0/1),1 indicates presence/yes; 0 indicates absence/no.
voltinism.1,Incidence (0/1),1 indicates presence/yes; 0 indicates absence/no.
voltinism.2,Incidence (0/1),1 indicates presence/yes; 0 indicates absence/no.
volti0ism,Incidence (0/1),1 indicates presence/yes; 0 indicates absence/no.
egg_stage,Incidence (0/1),1 indicates presence/yes; 0 indicates absence/no.
egg_stage.1,Incidence (0/1),1 indicates presence/yes; 0 indicates absence/no.
egg_stage.2,Incidence (0/1),1 indicates presence/yes; 0 indicates absence/no.
egg_stage.3,Incidence (0/1),1 indicates presence/yes; 0 indicates absence/no.
egg_stage.4,Incidence (0/1),1 indicates presence/yes; 0 indicates absence/no.
egg_stage.5,Incidence (0/1),1 indicates presence/yes; 0 indicates absence/no.
egg_stage.6,Incidence (0/1),1 indicates presence/yes; 0 indicates absence/no.
egg_stage.7,Incidence (0/1),1 indicates presence/yes; 0 indicates absence/no.
egg_stage.8,Incidence (0/1),1 indicates presence/yes; 0 indicates absence/no.
egg_stage.9,Incidence (0/1),1 indicates presence/yes; 0 indicates absence/no.
egg_stage.10,Incidence (0/1),1 indicates presence/yes; 0 indicates absence/no.
egg_stage.11,Incidence (0/1),1 indicates presence/yes; 0 indicates absence/no.
larval_stage,Incidence (0/1),1 indicates presence/yes; 0 indicates absence/no.
larval_stage.2,Incidence (0/1),1 indicates presence/yes; 0 indicates absence/no.
larval_stage.3,Incidence (0/1),1 indicates presence/yes; 0 indicates absence/no.
larval_stage.4,Incidence (0/1),1 indicates presence/yes; 0 indicates absence/no.
larval_stage.6,Incidence (0/1),1 indicates presence/yes; 0 indicates absence/no.
larval_stage.7,Incidence (0/1),1 indicates presence/yes; 0 indicates absence/no.
larval_stage.8,Incidence (0/1),1 indicates presence/yes; 0 indicates absence/no.
larval_stage.10,Incidence (0/1),1 indicates presence/yes; 0 indicates absence/no.
larval_stage.11,Incidence (0/1),1 indicates presence/yes; 0 indicates absence/no.
larval_stage.12,Incidence (0/1),1 indicates presence/yes; 0 indicates absence/no.
larval_stage.14,Incidence (0/1),1 indicates presence/yes; 0 indicates absence/no.
larval_stage.15,Incidence (0/1),1 indicates presence/yes; 0 indicates absence/no.
larval_stage.16,Incidence (0/1),1 indicates presence/yes; 0 indicates absence/no.
larval_stage.18,Incidence (0/1),1 indicates presence/yes; 0 indicates absence/no.
larval_stage.19,Incidence (0/1),1 indicates presence/yes; 0 indicates absence/no.
larval_stage.20,Incidence (0/1),1 indicates presence/yes; 0 indicates absence/no.
larval_stage.21,Incidence (0/1),1 indicates presence/yes; 0 indicates absence/no.
larval_stage.22,Incidence (0/1),1 indicates presence/yes; 0 indicates absence/no.
larval_stage.23,Incidence (from 1/2),1 if trait state is confirmed (1) or suspected (2); 0 otherwise/blank.
larval_stage.24,Incidence (0/1),1 indicates presence/yes; 0 indicates absence/no.
larval_stage.25,Incidence (0/1),1 indicates presence/yes; 0 indicates absence/no.
larval_stage.26,Incidence (0/1),1 indicates presence/yes; 0 indicates absence/no.
larval_stage.27,Incidence (from 1/2),1 if trait state is confirmed (1) or suspected (2); 0 otherwise/blank.
larval_stage.28,Incidence (0/1),1 indicates presence/yes; 0 indicates absence/no.
larval_stage.30,Incidence (0/1),1 indicates presence/yes; 0 indicates absence/no.
larval_stage.31,Incidence (0/1),1 indicates presence/yes; 0 indicates absence/no.
larval_stage.32,Incidence (0/1),1 indicates presence/yes; 0 indicates absence/no.
larval_stage.34,Incidence (0/1),1 indicates presence/yes; 0 indicates absence/no.
larval_stage.35,Incidence (0/1),1 indicates presence/yes; 0 indicates absence/no.
larval_stage.36,Incidence (0/1),1 indicates presence/yes; 0 indicates absence/no.
larval_stage.38,Incidence (0/1),1 indicates presence/yes; 0 indicates absence/no.
larval_stage.39,Incidence (0/1),1 indicates presence/yes; 0 indicates absence/no.
larval_stage.40,Incidence (0/1),1 indicates presence/yes; 0 indicates absence/no.
larval_stage.42,Incidence (0/1),1 indicates presence/yes; 0 indicates absence/no.
larval_stage.43,Incidence (0/1),1 indicates presence/yes; 0 indicates absence/no.
larval_stage.44,Incidence (0/1),1 indicates presence/yes; 0 indicates absence/no.
larval_stage.46,Incidence (0/1),1 indicates presence/yes; 0 indicates absence/no.
larval_stage.47,Incidence (0/1),1 indicates presence/yes; 0 indicates absence/no.
larval_stage.48,Incidence (0/1),1 indicates presence/yes; 0 indicates absence/no.
larval_stage.49,Incidence (0/1),1 indicates presence/yes; 0 indicates absence/no.
larval_stage.50,Incidence (0/1),1 indicates presence/yes; 0 indicates absence/no.
larval_stage.51,Incidence (from 1/2),1 if trait state is confirmed (1) or suspected (2); 0 otherwise/blank.
pupal_stage,Incidence (0/1),1 indicates presence/yes; 0 indicates absence/no.
pupal_stage.1,Incidence (0/1),1 indicates presence/yes; 0 indicates absence/no.
pupal_stage.3,Incidence (from 1/2),1 if trait state is confirmed (1) or suspected (2); 0 otherwise/blank.
pupal_stage.4,Incidence (0/1),1 indicates presence/yes; 0 indicates absence/no.
pupal_stage.5,Incidence (0/1),1 indicates presence/yes; 0 indicates absence/no.
pupal_stage.7,Incidence (from 1/2),1 if trait state is confirmed (1) or suspected (2); 0 otherwise/blank.
pupal_stage.8,Incidence (0/1),1 indicates presence/yes; 0 indicates absence/no.
pupal_stage.9,Incidence (0/1),1 indicates presence/yes; 0 indicates absence/no.
pupal_stage.11,Incidence (from 1/2),1 if trait state is confirmed (1) or suspected (2); 0 otherwise/blank.
pupal_stage.12,Incidence (0/1),1 indicates presence/yes; 0 indicates absence/no.
pupal_stage.13,Incidence (0/1),1 indicates presence/yes; 0 indicates absence/no.
pupal_stage.15,Incidence (from 1/2),1 if trait state is confirmed (1) or suspected (2); 0 otherwise/blank.
pupal_stage.16,Incidence (0/1),1 indicates presence/yes; 0 indicates absence/no.
pupal_stage.17,Incidence (0/1),1 indicates presence/yes; 0 indicates absence/no.
pupal_stage.19,Incidence (from 1/2),1 if trait state is confirmed (1) or suspected (2); 0 otherwise/blank.
pupal_stage.20,Incidence (0/1),1 indicates presence/yes; 0 indicates absence/no.
pupal_stage.21,Incidence (0/1),1 indicates presence/yes; 0 indicates absence/no.
pupal_stage.23,Incidence (from 1/2),1 if trait state is confirmed (1) or suspected (2); 0 otherwise/blank.
pupal_stage.24,Incidence (0/1),1 indicates presence/yes; 0 indicates absence/no.
pupal_stage.25,Incidence (0/1),1 indicates presence/yes; 0 indicates absence/no.
pupal_stage.27,Incidence (from 1/2),1 if trait state is confirmed (1) or suspected (2); 0 otherwise/blank.
pupal_stage.28,Incidence (0/1),1 indicates presence/yes; 0 indicates absence/no.
pupal_stage.29,Incidence (0/1),1 indicates presence/yes; 0 indicates absence/no.
pupal_stage.31,Incidence (from 1/2),1 if trait state is confirmed (1) or suspected (2); 0 otherwise/blank.
pupal_stage.32,Incidence (0/1),1 indicates presence/yes; 0 indicates absence/no.
pupal_stage.33,Incidence (0/1),1 indicates presence/yes; 0 indicates absence/no.
pupal_stage.35,Incidence (from 1/2),1 if trait state is confirmed (1) or suspected (2); 0 otherwise/blank.
pupal_stage.36,Incidence (0/1),1 indicates presence/yes; 0 indicates absence/no.
pupal_stage.37,Incidence (0/1),1 indicates presence/yes; 0 indicates absence/no.
pupal_stage.39,Incidence (from 1/2),1 if trait state is confirmed (1) or suspected (2); 0 otherwise/blank.
pupal_stage.40,Incidence (0/1),1 indicates presence/yes; 0 indicates absence/no.
pupal_stage.41,Incidence (0/1),1 indicates presence/yes; 0 indicates absence/no.
pupal_stage.43,Incidence (from 1/2),1 if trait state is confirmed (1) or suspected (2); 0 otherwise/blank.
pupal_stage.44,Incidence (0/1),1 indicates presence/yes; 0 indicates absence/no.
pupal_stage.45,Incidence (0/1),1 indicates presence/yes; 0 indicates absence/no.
pupal_stage.47,Incidence (from 1/2),1 if trait state is confirmed (1) or suspected (2); 0 otherwise/blank.
pupal_stage.49,Incidence (0/1),1 indicates presence/yes; 0 indicates absence/no.
pupal_stage.51,Incidence (from 1/2),1 if trait state is confirmed (1) or suspected (2); 0 otherwise/blank.
adult_stage,Incidence (0/1),1 indicates presence/yes; 0 indicates absence/no.
adult_stage.1,Incidence (0/1),1 indicates presence/yes; 0 indicates absence/no.
adult_stage.2,Incidence (0/1),1 indicates presence/yes; 0 indicates absence/no.
adult_stage.3,Incidence (0/1),1 indicates presence/yes; 0 indicates absence/no.
adult_stage.4,Incidence (0/1),1 indicates presence/yes; 0 indicates absence/no.
adult_stage.5,Incidence (0/1),1 indicates presence/yes; 0 indicates absence/no.
adult_stage.6,Incidence (0/1),1 indicates presence/yes; 0 indicates absence/no.
adult_stage.7,Incidence (0/1),1 indicates presence/yes; 0 indicates absence/no.
adult_stage.8,Incidence (0/1),1 indicates presence/yes; 0 indicates absence/no.
adult_stage.9,Incidence (0/1),1 indicates presence/yes; 0 indicates absence/no.
adult_stage.10,Incidence (0/1),1 indicates presence/yes; 0 indicates absence/no.
adult_stage.11,Incidence (0/1),1 indicates presence/yes; 0 indicates absence/no.
overwintering_stage,Incidence (from 0/1/2),1 if value indicates presence (1) or suspected/present (2); 0 if 0/blank.
overwintering_stage.1,Incidence (0/1),1 indicates presence/yes; 0 indicates absence/no.
overwintering_stage.2,Incidence (0/1),1 indicates presence/yes; 0 indicates absence/no.
overwintering_stage.3,Incidence (from 0/1/2),1 if value indicates presence (1) or suspected/present (2); 0 if 0/blank.
overwintering_stage.4,Incidence (from 0/1/2),1 if value indicates presence (1) or suspected/present (2); 0 if 0/blank.
host_plant_specificity.4,Incidence (0/1),1 indicates presence/yes; 0 indicates absence/no.
host_plant_specificity.5,Incidence (0/1),1 indicates presence/yes; 0 indicates absence/no.
host_plant_specificity.6,Incidence (0/1),1 indicates presence/yes; 0 indicates absence/no.
broad_host_plant_category,Incidence (0/1),1 indicates presence/yes; 0 indicates absence/no.
broad_host_plant_category.2,Incidence (0/1),1 indicates presence/yes; 0 indicates absence/no.
broad_host_plant_category.4,Incidence (0/1),1 indicates presence/yes; 0 indicates absence/no.
broad_host_plant_category.5,Incidence (0/1),1 indicates presence/yes; 0 indicates absence/no.
broad_host_plant_category.6,Incidence (0/1),1 indicates presence/yes; 0 indicates absence/no.
broad_host_plant_category.8,Incidence (0/1),1 indicates presence/yes; 0 indicates absence/no.
broad_host_plant_category.9,Incidence (0/1),1 indicates presence/yes; 0 indicates absence/no.
broad_host_plant_category.10,Incidence (0/1),1 indicates presence/yes; 0 indicates absence/no.
broad_host_plant_category.12,Incidence (0/1),1 indicates presence/yes; 0 indicates absence/no.
broad_host_plant_category.13,Incidence (0/1),1 indicates presence/yes; 0 indicates absence/no.
broad_host_plant_category.14,Incidence (0/1),1 indicates presence/yes; 0 indicates absence/no.
broad_host_plant_category.15,Incidence (0/1),1 indicates presence/yes; 0 indicates absence/no.
broad_host_plant_category.16,Incidence (0/1),1 indicates presence/yes; 0 indicates absence/no.
broad_host_plant_category.18,Incidence (0/1),1 indicates presence/yes; 0 indicates absence/no.
broad_host_plant_category.20,Incidence (0/1),1 indicates presence/yes; 0 indicates absence/no.
broad_host_plant_category.21,Incidence (0/1),1 indicates presence/yes; 0 indicates absence/no.
broad_host_plant_category.22,Incidence (0/1),1 indicates presence/yes; 0 indicates absence/no.
broad_host_plant_category.23,Incidence (0/1),1 indicates presence/yes; 0 indicates absence/no.
broad_host_plant_category.24,Incidence (0/1),1 indicates presence/yes; 0 indicates absence/no.
broad_host_plant_category.26,Incidence (0/1),1 indicates presence/yes; 0 indicates absence/no.
broad_host_plant_category.27,Incidence (0/1),1 indicates presence/yes; 0 indicates absence/no.
broad_host_plant_category.28,Incidence (0/1),1 indicates presence/yes; 0 indicates absence/no.
broad_host_plant_category.29,Incidence (0/1),1 indicates presence/yes; 0 indicates absence/no.
broad_host_plant_category.30,Incidence (0/1),1 indicates presence/yes; 0 indicates absence/no.
broad_host_plant_category.31,Incidence (0/1),1 indicates presence/yes; 0 indicates absence/no.
broad_host_plant_category.32,Incidence (0/1),1 indicates presence/yes; 0 indicates absence/no.
broad_host_plant_category.36,Incidence (0/1),1 indicates presence/yes; 0 indicates absence/no.
broad_host_plant_category.40,Incidence (0/1),1 indicates presence/yes; 0 indicates absence/no.
broad_host_plant_category.44,Incidence (0/1),1 indicates presence/yes; 0 indicates absence/no.
broad_host_plant_category.54,Incidence (0/1),1 indicates presence/yes; 0 indicates absence/no.
broad_host_plant_category.56,Incidence (0/1),1 indicates presence/yes; 0 indicates absence/no.
broad_host_plant_category.60,Incidence (0/1),1 indicates presence/yes; 0 indicates absence/no.
broad_host_plant_category.64,Incidence (0/1),1 indicates presence/yes; 0 indicates absence/no.
broad_host_plant_category.72,Incidence (0/1),1 indicates presence/yes; 0 indicates absence/no.
host_plant_section,Incidence (0/1),1 indicates presence/yes; 0 indicates absence/no.
host_plant_section.1,Incidence (0/1),1 indicates presence/yes; 0 indicates absence/no.
host_plant_section.2,Incidence (0/1),1 indicates presence/yes; 0 indicates absence/no.
host_plant_section.3,Incidence (0/1),1 indicates presence/yes; 0 indicates absence/no.
host_plant_section.4,Incidence (0/1),1 indicates presence/yes; 0 indicates absence/no.
host_plant_section.5,Incidence (0/1),1 indicates presence/yes; 0 indicates absence/no.
host_plant_section.6,Incidence (0/1),1 indicates presence/yes; 0 indicates absence/no.
common_hostplants,Incidence (0/1),1 indicates presence/yes; 0 indicates absence/no.
common_hostplants.3,Incidence (0/1),1 indicates presence/yes; 0 indicates absence/no.
common_hostplants.6,Incidence (0/1),1 indicates presence/yes; 0 indicates absence/no.
common_hostplants.9,Incidence (0/1),1 indicates presence/yes; 0 indicates absence/no.
common_hostplants.12,Incidence (0/1),1 indicates presence/yes; 0 indicates absence/no.
common_hostplants.15,Incidence (0/1),1 indicates presence/yes; 0 indicates absence/no.
common_hostplants.16,Incidence (0/1),1 indicates presence/yes; 0 indicates absence/no.
common_hostplants.17,Incidence (0/1),1 indicates presence/yes; 0 indicates absence/no.
common_hostplants.18,Incidence (0/1),1 indicates presence/yes; 0 indicates absence/no.
common_hostplants.21,Incidence (0/1),1 indicates presence/yes; 0 indicates absence/no.
common_hostplants.25,Incidence (0/1),1 indicates presence/yes; 0 indicates absence/no.
common_hostplants.28,Incidence (0/1),1 indicates presence/yes; 0 indicates absence/no.
common_hostplants.31,Incidence (0/1),1 indicates presence/yes; 0 indicates absence/no.
common_hostplants.34,Incidence (0/1),1 indicates presence/yes; 0 indicates absence/no.
common_hostplants.37,Incidence (0/1),1 indicates presence/yes; 0 indicates absence/no.
common_hostplants.40,Incidence (0/1),1 indicates presence/yes; 0 indicates absence/no.
common_hostplants.41,Incidence (0/1),1 indicates presence/yes; 0 indicates absence/no.
common_hostplants.42,Incidence (0/1),1 indicates presence/yes; 0 indicates absence/no.
common_hostplants.43,Incidence (0/1),1 indicates presence/yes; 0 indicates absence/no.
common_hostplants.46,Incidence (0/1),1 indicates presence/yes; 0 indicates absence/no.
common_hostplants.49,Incidence (0/1),1 indicates presence/yes; 0 indicates absence/no.
common_hostplants.50,Incidence (0/1),1 indicates presence/yes; 0 indicates absence/no.
common_hostplants.52,Incidence (0/1),1 indicates presence/yes; 0 indicates absence/no.
common_hostplants.55,Incidence (0/1),1 indicates presence/yes; 0 indicates absence/no.
habitat,Incidence (0/1),1 indicates presence/yes; 0 indicates absence/no.
habitat.1,Incidence (0/1),1 indicates presence/yes; 0 indicates absence/no.
habitat.2,Incidence (0/1),1 indicates presence/yes; 0 indicates absence/no.
habitat.3,Incidence (0/1),1 indicates presence/yes; 0 indicates absence/no.
habitat.4,Incidence (0/1),1 indicates presence/yes; 0 indicates absence/no.
habitat.5,Incidence (0/1),1 indicates presence/yes; 0 indicates absence/no.
habitat.6,Incidence (0/1),1 indicates presence/yes; 0 indicates absence/no.
habitat.7,Incidence (0/1),1 indicates presence/yes; 0 indicates absence/no.
habitat.8,Incidence (0/1),1 indicates presence/yes; 0 indicates absence/no.
habitat.9,Incidence (0/1),1 indicates presence/yes; 0 indicates absence/no.
habitat.10,Incidence (0/1),1 indicates presence/yes; 0 indicates absence/no.
habitat.11,Incidence (0/1),1 indicates presence/yes; 0 indicates absence/no.
habitat.12,Incidence (0/1),1 indicates presence/yes; 0 indicates absence/no.
habitat.13,Incidence (0/1),1 indicates presence/yes; 0 indicates absence/no.
habitat.14,Incidence (0/1),1 indicates presence/yes; 0 indicates absence/no.
habitat.15,Incidence (0/1),1 indicates presence/yes; 0 indicates absence/no.
habitat.16,Incidence (0/1),1 indicates presence/yes; 0 indicates absence/no.
habitat.17,Incidence (0/1),1 indicates presence/yes; 0 indicates absence/no.
habitat.18,Incidence (0/1),1 indicates presence/yes; 0 indicates absence/no.
habitat.19,Incidence (0/1),1 indicates presence/yes; 0 indicates absence/no.
habitat.20,Incidence (0/1),1 indicates presence/yes; 0 indicates absence/no.
habitat.21,Incidence (0/1),1 indicates presence/yes; 0 indicates absence/no.
