Feature,Group,Code,Meaning,Readme_excerpt,Source
species_details,identifier,,Species scientific name / identifier,,derived
recorded_present,recorded,,Recorded present,,heuristic
recorded_present.1,recorded_present,1,recorded_present category 1,,heuristic
recorded_present.2,recorded_present,2,recorded_present category 2,,heuristic
recorded_present.3,recorded_present,3,recorded_present category 3,,heuristic
recorded_present.4,recorded_present,4,recorded_present category 4,,heuristic
status,status,,Status,,heuristic
status.1,status,1,status category 1,,heuristic
status.2,status,2,status category 2,,heuristic
status.3,status,3,status category 3,,heuristic
status.4,status,4,status category 4,,heuristic
status.5,status,5,status category 5,,heuristic
status.6,status,6,status category 6,,heuristic
status.7,status,7,status category 7,,heuristic
status.8,status,8,status category 8,,heuristic
status.10,status,10,status category 10,,heuristic
status.11,status,11,status category 11,,heuristic
status.12,status,12,status category 12,,heuristic
status.13,status,13,status category 13,,heuristic
status.14,status,14,status category 14,,heuristic
status.15,status,15,status category 15,,heuristic
status.16,status,16,status category 16,,heuristic
status.18,status,18,status category 18,,heuristic
status.19,status,19,status category 19,,heuristic
status.20,status,20,status category 20,,heuristic
status.21,status,21,status category 21,,heuristic
status.22,status,22,status category 22,,heuristic
status.23,status,23,status category 23,,heuristic
status.24,status,24,status category 24,,heuristic
status.25,status,25,status category 25,,heuristic
status.29,status,29,status category 29,,heuristic
status.30,status,30,status category 30,,heuristic
status.31,status,31,status category 31,,heuristic
population_trends,population,,Population trends,,heuristic
population_trends.1,population_trends,1,population_trends category 1,,heuristic
population_trends.4,population_trends,4,population_trends category 4,,heuristic
population_trends.7,population_trends,7,population_trends category 7,,heuristic
photoperiod,photoperiod,,Photoperiod,,heuristic
photoperiod.1,photoperiod,1,photoperiod category 1,,heuristic
photoperiod.2,photoperiod,2,photoperiod category 2,,heuristic
larval_habitat,larval,,Larval habitat,,heuristic
larval_habitat.1,larval_habitat,1,larval_habitat category 1,,heuristic
larval_habitat.2,larval_habitat,2,larval_habitat category 2,,heuristic
pupal_habit,pupal,,Pupal habit,,heuristic
pupal_habit.1,pupal_habit,1,pupal_habit category 1,,heuristic
pupal_habit.2,pupal_habit,2,pupal_habit category 2,,heuristic
pupal_habit.3,pupal_habit,3,pupal_habit category 3,,heuristic
pupal_habit.4,pupal_habit,4,pupal_habit category 4,,heuristic
pupal_habit.5,pupal_habit,5,pupal_habit category 5,,heuristic
pupal_habit.6,pupal_habit,6,pupal_habit category 6,,heuristic
pupal_habit.7,pupal_habit,7,pupal_habit category 7,,heuristic
wingless_reduced_wing_females,wingless,,Wingless reduced wing females,,heuristic
voltinism,voltinism,,Voltinism,,heuristic
voltinism.1,voltinism,1,voltinism category 1,,heuristic
voltinism.2,voltinism,2,voltinism category 2,,heuristic
volti0ism,volti0ism,,Volti0ism,,heuristic
egg_stage,egg,,Egg stage,,heuristic
egg_stage.1,egg_stage,1,egg_stage category 1,,heuristic
egg_stage.2,egg_stage,2,egg_stage category 2,,heuristic
egg_stage.3,egg_stage,3,egg_stage category 3,,heuristic
egg_stage.4,egg_stage,4,egg_stage category 4,,heuristic
egg_stage.5,egg_stage,5,egg_stage category 5,,heuristic
egg_stage.6,egg_stage,6,egg_stage category 6,,heuristic
egg_stage.7,egg_stage,7,egg_stage category 7,,heuristic
egg_stage.8,egg_stage,8,egg_stage category 8,,heuristic
egg_stage.9,egg_stage,9,egg_stage category 9,,heuristic
egg_stage.10,egg_stage,10,egg_stage category 10,,heuristic
egg_stage.11,egg_stage,11,egg_stage category 11,,heuristic
larval_stage,larval,,Larval stage,,heuristic
larval_stage.2,larval_stage,2,larval_stage category 2,,heuristic
larval_stage.3,larval_stage,3,larval_stage category 3,,heuristic
larval_stage.4,larval_stage,4,larval_stage category 4,,heuristic
larval_stage.6,larval_stage,6,larval_stage category 6,,heuristic
larval_stage.7,larval_stage,7,larval_stage category 7,,heuristic
larval_stage.8,larval_stage,8,larval_stage category 8,,heuristic
larval_stage.10,larval_stage,10,larval_stage category 10,,heuristic
larval_stage.11,larval_stage,11,larval_stage category 11,,heuristic
larval_stage.12,larval_stage,12,larval_stage category 12,,heuristic
larval_stage.14,larval_stage,14,larval_stage category 14,,heuristic
larval_stage.15,larval_stage,15,larval_stage category 15,,heuristic
larval_stage.16,larval_stage,16,larval_stage category 16,,heuristic
larval_stage.18,larval_stage,18,larval_stage category 18,,heuristic
larval_stage.19,larval_stage,19,larval_stage category 19,,heuristic
larval_stage.20,larval_stage,20,larval_stage category 20,,heuristic
larval_stage.21,larval_stage,21,larval_stage category 21,,heuristic
larval_stage.22,larval_stage,22,larval_stage category 22,,heuristic
larval_stage.23,larval_stage,23,larval_stage category 23,,heuristic
larval_stage.24,larval_stage,24,larval_stage category 24,,heuristic
larval_stage.25,larval_stage,25,larval_stage category 25,,heuristic
larval_stage.26,larval_stage,26,larval_stage category 26,,heuristic
larval_stage.27,larval_stage,27,larval_stage category 27,,heuristic
larval_stage.28,larval_stage,28,larval_stage category 28,,heuristic
larval_stage.30,larval_stage,30,larval_stage category 30,,heuristic
larval_stage.31,larval_stage,31,larval_stage category 31,,heuristic
larval_stage.32,larval_stage,32,larval_stage category 32,,heuristic
larval_stage.34,larval_stage,34,larval_stage category 34,,heuristic
larval_stage.35,larval_stage,35,larval_stage category 35,,heuristic
larval_stage.36,larval_stage,36,larval_stage category 36,,heuristic
larval_stage.38,larval_stage,38,larval_stage category 38,,heuristic
larval_stage.39,larval_stage,39,larval_stage category 39,,heuristic
larval_stage.40,larval_stage,40,larval_stage category 40,,heuristic
larval_stage.42,larval_stage,42,larval_stage category 42,,heuristic
larval_stage.43,larval_stage,43,larval_stage category 43,,heuristic
larval_stage.44,larval_stage,44,larval_stage category 44,,heuristic
larval_stage.46,larval_stage,46,larval_stage category 46,,heuristic
larval_stage.47,larval_stage,47,larval_stage category 47,,heuristic
larval_stage.48,larval_stage,48,larval_stage category 48,,heuristic
larval_stage.49,larval_stage,49,larval_stage category 49,,heuristic
larval_stage.50,larval_stage,50,larval_stage category 50,,heuristic
larval_stage.51,larval_stage,51,larval_stage category 51,,heuristic
pupal_stage,pupal,,Pupal stage,,heuristic
pupal_stage.1,pupal_stage,1,pupal_stage category 1,,heuristic
pupal_stage.3,pupal_stage,3,pupal_stage category 3,,heuristic
pupal_stage.4,pupal_stage,4,pupal_stage category 4,,heuristic
pupal_stage.5,pupal_stage,5,pupal_stage category 5,,heuristic
pupal_stage.7,pupal_stage,7,pupal_stage category 7,,heuristic
pupal_stage.8,pupal_stage,8,pupal_stage category 8,,heuristic
pupal_stage.9,pupal_stage,9,pupal_stage category 9,,heuristic
pupal_stage.11,pupal_stage,11,pupal_stage category 11,,heuristic
pupal_stage.12,pupal_stage,12,pupal_stage category 12,,heuristic
pupal_stage.13,pupal_stage,13,pupal_stage category 13,,heuristic
pupal_stage.15,pupal_stage,15,pupal_stage category 15,,heuristic
pupal_stage.16,pupal_stage,16,pupal_stage category 16,,heuristic
pupal_stage.17,pupal_stage,17,pupal_stage category 17,,heuristic
pupal_stage.19,pupal_stage,19,pupal_stage category 19,,heuristic
pupal_stage.20,pupal_stage,20,pupal_stage category 20,,heuristic
pupal_stage.21,pupal_stage,21,pupal_stage category 21,,heuristic
pupal_stage.23,pupal_stage,23,pupal_stage category 23,,heuristic
pupal_stage.24,pupal_stage,24,pupal_stage category 24,,heuristic
pupal_stage.25,pupal_stage,25,pupal_stage category 25,,heuristic
pupal_stage.27,pupal_stage,27,pupal_stage category 27,,heuristic
pupal_stage.28,pupal_stage,28,pupal_stage category 28,,heuristic
pupal_stage.29,pupal_stage,29,pupal_stage category 29,,heuristic
pupal_stage.31,pupal_stage,31,pupal_stage category 31,,heuristic
pupal_stage.32,pupal_stage,32,pupal_stage category 32,,heuristic
pupal_stage.33,pupal_stage,33,pupal_stage category 33,,heuristic
pupal_stage.35,pupal_stage,35,pupal_stage category 35,,heuristic
pupal_stage.36,pupal_stage,36,pupal_stage category 36,,heuristic
pupal_stage.37,pupal_stage,37,pupal_stage category 37,,heuristic
pupal_stage.39,pupal_stage,39,pupal_stage category 39,,heuristic
pupal_stage.40,pupal_stage,40,pupal_stage category 40,,heuristic
pupal_stage.41,pupal_stage,41,pupal_stage category 41,,heuristic
pupal_stage.43,pupal_stage,43,pupal_stage category 43,,heuristic
pupal_stage.44,pupal_stage,44,pupal_stage category 44,,heuristic
pupal_stage.45,pupal_stage,45,pupal_stage category 45,,heuristic
pupal_stage.47,pupal_stage,47,pupal_stage category 47,,heuristic
pupal_stage.49,pupal_stage,49,pupal_stage category 49,,heuristic
pupal_stage.51,pupal_stage,51,pupal_stage category 51,,heuristic
adult_stage,adult,,Adult stage,,heuristic
adult_stage.1,adult_stage,1,adult_stage category 1,,heuristic
adult_stage.2,adult_stage,2,adult_stage category 2,,heuristic
adult_stage.3,adult_stage,3,adult_stage category 3,,heuristic
adult_stage.4,adult_stage,4,Record of hostplant use in continental,"if known to be in the adult stage during that
month or a ‘?’ if thought to occur in that
month but there remains uncertainty. Moths
are attributed with a 1 when the proportion
of records in any given month is equal or
greater than 1% of all records. Based on
data from Eeles (2019), Randle et al.
(2019), NMRS (2021).
overwintering_stage (Columns CY-DB) Winter is defined here as the calendar
months December to February. 1c under
larval means as a larva within a cocoon or
cell.
Where a species has more than one
overwintering strategy the main strategy is
classified as a 1 and the lesser as 2 from
Emmet & Heath (1992). A 1? in the column
‘pupa’ represents a species that is thought to
overwinter as a pupa but has yet to be fully
confirmed. Based on data from Emmet &
Heath (1992), Waring & Townsend (2007)
and Eeles (2019).
specificity Monophagous species were defined as those
being known to feed as larvae on a single
hostplant e.g. Pedunculate Oak Quercus
robur.",readme_codebook
adult_stage.5,adult_stage,5,adult_stage category 5,,heuristic
adult_stage.6,adult_stage,6,adult_stage category 6,,heuristic
adult_stage.7,adult_stage,7,adult_stage category 7,,heuristic
adult_stage.8,adult_stage,8,adult_stage category 8,,heuristic
adult_stage.9,adult_stage,9,adult_stage category 9,,heuristic
adult_stage.10,adult_stage,10,adult_stage category 10,,heuristic
adult_stage.11,adult_stage,11,adult_stage category 11,,heuristic
overwintering_stage,overwintering,,Overwintering stage,,heuristic
overwintering_stage.1,overwintering_stage,1,overwintering_stage category 1,,heuristic
overwintering_stage.2,overwintering_stage,2,overwintering_stage category 2,,heuristic
overwintering_stage.3,overwintering_stage,3,overwintering_stage category 3,,heuristic
overwintering_stage.4,overwintering_stage,4,Record of hostplant use in continental,"overwintering_stage (Columns CY-DB) Winter is defined here as the calendar
months December to February. 1c under
larval means as a larva within a cocoon or
cell.
Where a species has more than one
overwintering strategy the main strategy is
classified as a 1 and the lesser as 2 from
Emmet & Heath (1992). A 1? in the column
‘pupa’ represents a species that is thought to
overwinter as a pupa but has yet to be fully
confirmed. Based on data from Emmet &
Heath (1992), Waring & Townsend (2007)
and Eeles (2019).
specificity Monophagous species were defined as those
being known to feed as larvae on a single
hostplant e.g. Pedunculate Oak Quercus
robur.
Oligophagous (Genus) species feed as
larvae on plants within a single genus e.g.
oaks Quercus spp.
Oligophagous (Family) are those that feed
as larvae across two or more plant genera
but within one family e.g. a species that
feeds within the pea family (Fabaceae) on
both Trifolium and Medicago.",readme_codebook
host_plant_specificity.4,host_plant_specificity,4,host_plant_specificity category 4,,heuristic
host_plant_specificity.5,host_plant_specificity,5,host_plant_specificity category 5,,heuristic
host_plant_specificity.6,host_plant_specificity,6,host_plant_specificity category 6,,heuristic
broad_host_plant_category,broad,,Broad host plant category,,heuristic
broad_host_plant_category.2,broad_host_plant_category,2,broad_host_plant_category category 2,,heuristic
broad_host_plant_category.4,broad_host_plant_category,4,Record of hostplant use in continental,"broad_host_plant_category (columns DM- Each species was attributed single or
EE) multiple broad host plant categories
depending on hostplants listed in Henwood,
Sterling & Lewington (2020). Columns
include sedges, rushes, grasses, forbs, ferns,
broadleaf trees, coniferous trees,
shrubs/dwarf shrubs, mosses, lichens/algae,
fungi, slime moulds, detritus (wool, fur,
feathers etc), dead/withered leaves, live or
dead invertebrates/meat, galls, stored goods
and other. Willows counted as trees unless
Creeping Willow Salix repens. Hawthorn
Crataegus monogyna and Blackthorn
Prunus spinosa are shrubs.
Four categories were used to attribute each
species as follows. 1- Most common
hostplants, 2- Occasionally reported
hostplants, 3- Also reported on hostplants,
4- Record of hostplant use in continental
Europe only where it is not known in Great
Britain (England, Scotland and Wales) and
Ireland (Republic of Ireland and Northern
Ireland). Category 4 is not a complete list of
hostplants used in continental Europe as
defined by the literature. This category is",readme_codebook
broad_host_plant_category.5,broad_host_plant_category,5,broad_host_plant_category category 5,,heuristic
broad_host_plant_category.6,broad_host_plant_category,6,broad_host_plant_category category 6,,heuristic
broad_host_plant_category.8,broad_host_plant_category,8,broad_host_plant_category category 8,,heuristic
broad_host_plant_category.9,broad_host_plant_category,9,broad_host_plant_category category 9,,heuristic
broad_host_plant_category.10,broad_host_plant_category,10,broad_host_plant_category category 10,,heuristic
broad_host_plant_category.12,broad_host_plant_category,12,broad_host_plant_category category 12,,heuristic
broad_host_plant_category.13,broad_host_plant_category,13,broad_host_plant_category category 13,,heuristic
broad_host_plant_category.14,broad_host_plant_category,14,broad_host_plant_category category 14,,heuristic
broad_host_plant_category.15,broad_host_plant_category,15,broad_host_plant_category category 15,,heuristic
broad_host_plant_category.16,broad_host_plant_category,16,broad_host_plant_category category 16,,heuristic
broad_host_plant_category.18,broad_host_plant_category,18,broad_host_plant_category category 18,,heuristic
broad_host_plant_category.20,broad_host_plant_category,20,broad_host_plant_category category 20,,heuristic
broad_host_plant_category.21,broad_host_plant_category,21,broad_host_plant_category category 21,,heuristic
broad_host_plant_category.22,broad_host_plant_category,22,broad_host_plant_category category 22,,heuristic
broad_host_plant_category.23,broad_host_plant_category,23,broad_host_plant_category category 23,,heuristic
broad_host_plant_category.24,broad_host_plant_category,24,broad_host_plant_category category 24,,heuristic
broad_host_plant_category.26,broad_host_plant_category,26,broad_host_plant_category category 26,,heuristic
broad_host_plant_category.27,broad_host_plant_category,27,broad_host_plant_category category 27,,heuristic
broad_host_plant_category.28,broad_host_plant_category,28,broad_host_plant_category category 28,,heuristic
broad_host_plant_category.29,broad_host_plant_category,29,broad_host_plant_category category 29,,heuristic
broad_host_plant_category.30,broad_host_plant_category,30,broad_host_plant_category category 30,,heuristic
broad_host_plant_category.31,broad_host_plant_category,31,broad_host_plant_category category 31,,heuristic
broad_host_plant_category.32,broad_host_plant_category,32,broad_host_plant_category category 32,,heuristic
broad_host_plant_category.36,broad_host_plant_category,36,broad_host_plant_category category 36,,heuristic
broad_host_plant_category.40,broad_host_plant_category,40,broad_host_plant_category category 40,,heuristic
broad_host_plant_category.44,broad_host_plant_category,44,broad_host_plant_category category 44,,heuristic
broad_host_plant_category.54,broad_host_plant_category,54,broad_host_plant_category category 54,,heuristic
broad_host_plant_category.56,broad_host_plant_category,56,broad_host_plant_category category 56,,heuristic
broad_host_plant_category.60,broad_host_plant_category,60,broad_host_plant_category category 60,,heuristic
broad_host_plant_category.64,broad_host_plant_category,64,broad_host_plant_category category 64,,heuristic
broad_host_plant_category.72,broad_host_plant_category,72,broad_host_plant_category category 72,,heuristic
host_plant_section,host,,Host plant section,,heuristic
host_plant_section.1,host_plant_section,1,host_plant_section category 1,,heuristic
host_plant_section.2,host_plant_section,2,host_plant_section category 2,,heuristic
host_plant_section.3,host_plant_section,3,host_plant_section category 3,,heuristic
host_plant_section.4,host_plant_section,4,host_plant_section category 4,,heuristic
host_plant_section.5,host_plant_section,5,host_plant_section category 5,,heuristic
host_plant_section.6,host_plant_section,6,host_plant_section category 6,,heuristic
common_hostplants,common,,Common hostplants,,heuristic
common_hostplants.3,common_hostplants,3,common_hostplants category 3,,heuristic
common_hostplants.6,common_hostplants,6,common_hostplants category 6,,heuristic
common_hostplants.9,common_hostplants,9,common_hostplants category 9,,heuristic
common_hostplants.12,common_hostplants,12,common_hostplants category 12,,heuristic
common_hostplants.15,common_hostplants,15,common_hostplants category 15,,heuristic
common_hostplants.16,common_hostplants,16,common_hostplants category 16,,heuristic
common_hostplants.17,common_hostplants,17,common_hostplants category 17,,heuristic
common_hostplants.18,common_hostplants,18,common_hostplants category 18,,heuristic
common_hostplants.21,common_hostplants,21,common_hostplants category 21,,heuristic
common_hostplants.25,common_hostplants,25,common_hostplants category 25,,heuristic
common_hostplants.28,common_hostplants,28,common_hostplants category 28,,heuristic
common_hostplants.31,common_hostplants,31,common_hostplants category 31,,heuristic
common_hostplants.34,common_hostplants,34,common_hostplants category 34,,heuristic
common_hostplants.37,common_hostplants,37,common_hostplants category 37,,heuristic
common_hostplants.40,common_hostplants,40,common_hostplants category 40,,heuristic
common_hostplants.41,common_hostplants,41,common_hostplants category 41,,heuristic
common_hostplants.42,common_hostplants,42,common_hostplants category 42,,heuristic
common_hostplants.43,common_hostplants,43,common_hostplants category 43,,heuristic
common_hostplants.46,common_hostplants,46,common_hostplants category 46,,heuristic
common_hostplants.49,common_hostplants,49,common_hostplants category 49,,heuristic
common_hostplants.50,common_hostplants,50,common_hostplants category 50,,heuristic
common_hostplants.52,common_hostplants,52,common_hostplants category 52,,heuristic
common_hostplants.55,common_hostplants,55,common_hostplants category 55,,heuristic
habitat,habitat,,Habitat,,heuristic
habitat.1,habitat,1,habitat category 1,,heuristic
habitat.2,habitat,2,habitat category 2,,heuristic
habitat.3,habitat,3,habitat category 3,,heuristic
habitat.4,habitat,4,habitat category 4,,heuristic
habitat.5,habitat,5,habitat category 5,,heuristic
habitat.6,habitat,6,habitat category 6,,heuristic
habitat.7,habitat,7,habitat category 7,,heuristic
habitat.8,habitat,8,habitat category 8,,heuristic
habitat.9,habitat,9,habitat category 9,,heuristic
habitat.10,habitat,10,habitat category 10,,heuristic
habitat.11,habitat,11,habitat category 11,,heuristic
habitat.12,habitat,12,habitat category 12,,heuristic
habitat.13,habitat,13,habitat category 13,,heuristic
habitat.14,habitat,14,habitat category 14,,heuristic
habitat.15,habitat,15,habitat category 15,,heuristic
habitat.16,habitat,16,habitat category 16,,heuristic
habitat.17,habitat,17,habitat category 17,,heuristic
habitat.18,habitat,18,habitat category 18,,heuristic
habitat.19,habitat,19,habitat category 19,,heuristic
habitat.20,habitat,20,habitat category 20,,heuristic
habitat.21,habitat,21,habitat category 21,,heuristic
