Feature,Meaning,Source
species_details,Species scientific name / identifier,derived
recorded_present,recorded_present (Columns H to L) Recorded presence of each species in,readme (line)
recorded_present.1,Recorded present 1,heuristic
recorded_present.2,Recorded present 2,heuristic
recorded_present.3,Recorded present 3,heuristic
recorded_present.4,Recorded present 4,heuristic
status,"The file also contains data on conservation status, distribution (occupancy) trend and",readme (line)
status.1,Status 1,heuristic
status.2,Status 2,heuristic
status.3,Status 3,heuristic
status.4,Status 4,heuristic
status.5,Status 5,heuristic
status.6,Status 6,heuristic
status.7,Status 7,heuristic
status.8,Status 8,heuristic
status.10,Status 10,heuristic
status.11,Status 11,heuristic
status.12,Status 12,heuristic
status.13,Status 13,heuristic
status.14,Status 14,heuristic
status.15,Status 15,heuristic
status.16,Status 16,heuristic
status.18,Status 18,heuristic
status.19,Status 19,heuristic
status.20,Status 20,heuristic
status.21,Status 21,heuristic
status.22,Status 22,heuristic
status.23,Status 23,heuristic
status.24,Status 24,heuristic
status.25,Status 25,heuristic
status.29,Status 29,heuristic
status.30,Status 30,heuristic
status.31,Status 31,heuristic
population_trends,Population trends,heuristic
population_trends.1,Population trends 1,heuristic
population_trends.4,Population trends 4,heuristic
population_trends.7,Population trends 7,heuristic
photoperiod,Photoperiod,heuristic
photoperiod.1,Photoperiod 1,heuristic
photoperiod.2,Photoperiod 2,heuristic
larval_habitat,Larval habitat,heuristic
larval_habitat.1,Larval habitat 1,heuristic
larval_habitat.2,Larval habitat 2,heuristic
pupal_habit,Pupal habit,heuristic
pupal_habit.1,Pupal habit 1,heuristic
pupal_habit.2,Pupal habit 2,heuristic
pupal_habit.3,Pupal habit 3,heuristic
pupal_habit.4,Pupal habit 4,heuristic
pupal_habit.5,Pupal habit 5,heuristic
pupal_habit.6,Pupal habit 6,heuristic
pupal_habit.7,Pupal habit 7,heuristic
wingless_reduced_wing_females,Wingless reduced wing females,heuristic
voltinism,Voltinism,heuristic
voltinism.1,Voltinism 1,heuristic
voltinism.2,Voltinism 2,heuristic
volti0ism,Volti0ism,heuristic
egg_stage,egg_stage (columns BA-BL) Columns BA-BL represent the 12 months of,readme (line)
egg_stage.1,"Egg stage month-index 1 indicator (1=present, 0=absent)",heuristic
egg_stage.2,"Egg stage month-index 2 indicator (1=present, 0=absent)",heuristic
egg_stage.3,"Egg stage month-index 3 indicator (1=present, 0=absent)",heuristic
egg_stage.4,"Egg stage month-index 4 indicator (1=present, 0=absent)",heuristic
egg_stage.5,"Egg stage month-index 5 indicator (1=present, 0=absent)",heuristic
egg_stage.6,"Egg stage month-index 6 indicator (1=present, 0=absent)",heuristic
egg_stage.7,"Egg stage month-index 7 indicator (1=present, 0=absent)",heuristic
egg_stage.8,"Egg stage month-index 8 indicator (1=present, 0=absent)",heuristic
egg_stage.9,"Egg stage month-index 9 indicator (1=present, 0=absent)",heuristic
egg_stage.10,"Egg stage month-index 10 indicator (1=present, 0=absent)",heuristic
egg_stage.11,"Egg stage month-index 11 indicator (1=present, 0=absent)",heuristic
larval_stage,larval_stage (columns BM-BY),readme (line)
larval_stage.2,"Larval stage month-index 2 indicator (1=present, 0=absent)",heuristic
larval_stage.3,"Larval stage month-index 3 indicator (1=present, 0=absent)",heuristic
larval_stage.4,"Larval stage month-index 4 indicator (1=present, 0=absent)",heuristic
larval_stage.6,"Larval stage month-index 6 indicator (1=present, 0=absent)",heuristic
larval_stage.7,"Larval stage month-index 7 indicator (1=present, 0=absent)",heuristic
larval_stage.8,"Larval stage month-index 8 indicator (1=present, 0=absent)",heuristic
larval_stage.10,"Larval stage month-index 10 indicator (1=present, 0=absent)",heuristic
larval_stage.11,"Larval stage month-index 11 indicator (1=present, 0=absent)",heuristic
larval_stage.12,"Larval stage month-index 12 indicator (1=present, 0=absent)",heuristic
larval_stage.14,"Larval stage month-index 14 indicator (1=present, 0=absent)",heuristic
larval_stage.15,"Larval stage month-index 15 indicator (1=present, 0=absent)",heuristic
larval_stage.16,"Larval stage month-index 16 indicator (1=present, 0=absent)",heuristic
larval_stage.18,"Larval stage month-index 18 indicator (1=present, 0=absent)",heuristic
larval_stage.19,"Larval stage month-index 19 indicator (1=present, 0=absent)",heuristic
larval_stage.20,"Larval stage month-index 20 indicator (1=present, 0=absent)",heuristic
larval_stage.21,"Larval stage month-index 21 indicator (1=present, 0=absent)",heuristic
larval_stage.22,"Larval stage month-index 22 indicator (1=present, 0=absent)",heuristic
larval_stage.23,"Larval stage month-index 23 indicator (1=present, 0=absent)",heuristic
larval_stage.24,"Larval stage month-index 24 indicator (1=present, 0=absent)",heuristic
larval_stage.25,"Larval stage month-index 25 indicator (1=present, 0=absent)",heuristic
larval_stage.26,"Larval stage month-index 26 indicator (1=present, 0=absent)",heuristic
larval_stage.27,"Larval stage month-index 27 indicator (1=present, 0=absent)",heuristic
larval_stage.28,"Larval stage month-index 28 indicator (1=present, 0=absent)",heuristic
larval_stage.30,"Larval stage month-index 30 indicator (1=present, 0=absent)",heuristic
larval_stage.31,"Larval stage month-index 31 indicator (1=present, 0=absent)",heuristic
larval_stage.32,"Larval stage month-index 32 indicator (1=present, 0=absent)",heuristic
larval_stage.34,"Larval stage month-index 34 indicator (1=present, 0=absent)",heuristic
larval_stage.35,"Larval stage month-index 35 indicator (1=present, 0=absent)",heuristic
larval_stage.36,"Larval stage month-index 36 indicator (1=present, 0=absent)",heuristic
larval_stage.38,"Larval stage month-index 38 indicator (1=present, 0=absent)",heuristic
larval_stage.39,"Larval stage month-index 39 indicator (1=present, 0=absent)",heuristic
larval_stage.40,"Larval stage month-index 40 indicator (1=present, 0=absent)",heuristic
larval_stage.42,"Larval stage month-index 42 indicator (1=present, 0=absent)",heuristic
larval_stage.43,"Larval stage month-index 43 indicator (1=present, 0=absent)",heuristic
larval_stage.44,"Larval stage month-index 44 indicator (1=present, 0=absent)",heuristic
larval_stage.46,"Larval stage month-index 46 indicator (1=present, 0=absent)",heuristic
larval_stage.47,"Larval stage month-index 47 indicator (1=present, 0=absent)",heuristic
larval_stage.48,"Larval stage month-index 48 indicator (1=present, 0=absent)",heuristic
larval_stage.49,"Larval stage month-index 49 indicator (1=present, 0=absent)",heuristic
larval_stage.50,"Larval stage month-index 50 indicator (1=present, 0=absent)",heuristic
larval_stage.51,"Larval stage month-index 51 indicator (1=present, 0=absent)",heuristic
pupal_stage,pupal_stage (columns BZ-CL),readme (line)
pupal_stage.1,"Pupal stage month-index 1 indicator (1=present, 0=absent)",heuristic
pupal_stage.3,"Pupal stage month-index 3 indicator (1=present, 0=absent)",heuristic
pupal_stage.4,"Pupal stage month-index 4 indicator (1=present, 0=absent)",heuristic
pupal_stage.5,"Pupal stage month-index 5 indicator (1=present, 0=absent)",heuristic
pupal_stage.7,"Pupal stage month-index 7 indicator (1=present, 0=absent)",heuristic
pupal_stage.8,"Pupal stage month-index 8 indicator (1=present, 0=absent)",heuristic
pupal_stage.9,"Pupal stage month-index 9 indicator (1=present, 0=absent)",heuristic
pupal_stage.11,"Pupal stage month-index 11 indicator (1=present, 0=absent)",heuristic
pupal_stage.12,"Pupal stage month-index 12 indicator (1=present, 0=absent)",heuristic
pupal_stage.13,"Pupal stage month-index 13 indicator (1=present, 0=absent)",heuristic
pupal_stage.15,"Pupal stage month-index 15 indicator (1=present, 0=absent)",heuristic
pupal_stage.16,"Pupal stage month-index 16 indicator (1=present, 0=absent)",heuristic
pupal_stage.17,"Pupal stage month-index 17 indicator (1=present, 0=absent)",heuristic
pupal_stage.19,"Pupal stage month-index 19 indicator (1=present, 0=absent)",heuristic
pupal_stage.20,"Pupal stage month-index 20 indicator (1=present, 0=absent)",heuristic
pupal_stage.21,"Pupal stage month-index 21 indicator (1=present, 0=absent)",heuristic
pupal_stage.23,"Pupal stage month-index 23 indicator (1=present, 0=absent)",heuristic
pupal_stage.24,"Pupal stage month-index 24 indicator (1=present, 0=absent)",heuristic
pupal_stage.25,"Pupal stage month-index 25 indicator (1=present, 0=absent)",heuristic
pupal_stage.27,"Pupal stage month-index 27 indicator (1=present, 0=absent)",heuristic
pupal_stage.28,"Pupal stage month-index 28 indicator (1=present, 0=absent)",heuristic
pupal_stage.29,"Pupal stage month-index 29 indicator (1=present, 0=absent)",heuristic
pupal_stage.31,"Pupal stage month-index 31 indicator (1=present, 0=absent)",heuristic
pupal_stage.32,"Pupal stage month-index 32 indicator (1=present, 0=absent)",heuristic
pupal_stage.33,"Pupal stage month-index 33 indicator (1=present, 0=absent)",heuristic
pupal_stage.35,"Pupal stage month-index 35 indicator (1=present, 0=absent)",heuristic
pupal_stage.36,"Pupal stage month-index 36 indicator (1=present, 0=absent)",heuristic
pupal_stage.37,"Pupal stage month-index 37 indicator (1=present, 0=absent)",heuristic
pupal_stage.39,"Pupal stage month-index 39 indicator (1=present, 0=absent)",heuristic
pupal_stage.40,"Pupal stage month-index 40 indicator (1=present, 0=absent)",heuristic
pupal_stage.41,"Pupal stage month-index 41 indicator (1=present, 0=absent)",heuristic
pupal_stage.43,"Pupal stage month-index 43 indicator (1=present, 0=absent)",heuristic
pupal_stage.44,"Pupal stage month-index 44 indicator (1=present, 0=absent)",heuristic
pupal_stage.45,"Pupal stage month-index 45 indicator (1=present, 0=absent)",heuristic
pupal_stage.47,"Pupal stage month-index 47 indicator (1=present, 0=absent)",heuristic
pupal_stage.49,"Pupal stage month-index 49 indicator (1=present, 0=absent)",heuristic
pupal_stage.51,"Pupal stage month-index 51 indicator (1=present, 0=absent)",heuristic
adult_stage,adult_stage (columns CM-CX),readme (line)
adult_stage.1,"Adult stage month-index 1 indicator (1=present, 0=absent)",heuristic
adult_stage.2,"Adult stage month-index 2 indicator (1=present, 0=absent)",heuristic
adult_stage.3,"Adult stage month-index 3 indicator (1=present, 0=absent)",heuristic
adult_stage.4,"Adult stage month-index 4 indicator (1=present, 0=absent)",heuristic
adult_stage.5,"Adult stage month-index 5 indicator (1=present, 0=absent)",heuristic
adult_stage.6,"Adult stage month-index 6 indicator (1=present, 0=absent)",heuristic
adult_stage.7,"Adult stage month-index 7 indicator (1=present, 0=absent)",heuristic
adult_stage.8,"Adult stage month-index 8 indicator (1=present, 0=absent)",heuristic
adult_stage.9,"Adult stage month-index 9 indicator (1=present, 0=absent)",heuristic
adult_stage.10,"Adult stage month-index 10 indicator (1=present, 0=absent)",heuristic
adult_stage.11,"Adult stage month-index 11 indicator (1=present, 0=absent)",heuristic
overwintering_stage,overwintering_stage (Columns CY-DB) Winter is defined here as the calendar,readme (line)
overwintering_stage.1,Overwintering stage 1,heuristic
overwintering_stage.2,Overwintering stage 2,heuristic
overwintering_stage.3,Overwintering stage 3,heuristic
overwintering_stage.4,Overwintering stage 4,heuristic
host_plant_specificity.4,Host plant specificity 4,heuristic
host_plant_specificity.5,Host plant specificity 5,heuristic
host_plant_specificity.6,Host plant specificity 6,heuristic
broad_host_plant_category,broad_host_plant_category (columns DM- Each species was attributed single or,readme (line)
broad_host_plant_category.2,Broad host plant category 2,heuristic
broad_host_plant_category.4,Broad host plant category 4,heuristic
broad_host_plant_category.5,Broad host plant category 5,heuristic
broad_host_plant_category.6,Broad host plant category 6,heuristic
broad_host_plant_category.8,Broad host plant category 8,heuristic
broad_host_plant_category.9,Broad host plant category 9,heuristic
broad_host_plant_category.10,Broad host plant category 10,heuristic
broad_host_plant_category.12,Broad host plant category 12,heuristic
broad_host_plant_category.13,Broad host plant category 13,heuristic
broad_host_plant_category.14,Broad host plant category 14,heuristic
broad_host_plant_category.15,Broad host plant category 15,heuristic
broad_host_plant_category.16,Broad host plant category 16,heuristic
broad_host_plant_category.18,Broad host plant category 18,heuristic
broad_host_plant_category.20,Broad host plant category 20,heuristic
broad_host_plant_category.21,Broad host plant category 21,heuristic
broad_host_plant_category.22,Broad host plant category 22,heuristic
broad_host_plant_category.23,Broad host plant category 23,heuristic
broad_host_plant_category.24,Broad host plant category 24,heuristic
broad_host_plant_category.26,Broad host plant category 26,heuristic
broad_host_plant_category.27,Broad host plant category 27,heuristic
broad_host_plant_category.28,Broad host plant category 28,heuristic
broad_host_plant_category.29,Broad host plant category 29,heuristic
broad_host_plant_category.30,Broad host plant category 30,heuristic
broad_host_plant_category.31,Broad host plant category 31,heuristic
broad_host_plant_category.32,Broad host plant category 32,heuristic
broad_host_plant_category.36,Broad host plant category 36,heuristic
broad_host_plant_category.40,Broad host plant category 40,heuristic
broad_host_plant_category.44,Broad host plant category 44,heuristic
broad_host_plant_category.54,Broad host plant category 54,heuristic
broad_host_plant_category.56,Broad host plant category 56,heuristic
broad_host_plant_category.60,Broad host plant category 60,heuristic
broad_host_plant_category.64,Broad host plant category 64,heuristic
broad_host_plant_category.72,Broad host plant category 72,heuristic
host_plant_section,host_plant_section (Columns EF-EM) Each species was attributed a section or,readme (line)
host_plant_section.1,Host plant section 1,heuristic
host_plant_section.2,Host plant section 2,heuristic
host_plant_section.3,Host plant section 3,heuristic
host_plant_section.4,Host plant section 4,heuristic
host_plant_section.5,Host plant section 5,heuristic
host_plant_section.6,Host plant section 6,heuristic
common_hostplants,common_hostplants (Columns EN-FG) Columns EN to FG list the 20 most,readme (line)
common_hostplants.3,Common hostplants 3,heuristic
common_hostplants.6,Common hostplants 6,heuristic
common_hostplants.9,Common hostplants 9,heuristic
common_hostplants.12,Common hostplants 12,heuristic
common_hostplants.15,Common hostplants 15,heuristic
common_hostplants.16,Common hostplants 16,heuristic
common_hostplants.17,Common hostplants 17,heuristic
common_hostplants.18,Common hostplants 18,heuristic
common_hostplants.21,Common hostplants 21,heuristic
common_hostplants.25,Common hostplants 25,heuristic
common_hostplants.28,Common hostplants 28,heuristic
common_hostplants.31,Common hostplants 31,heuristic
common_hostplants.34,Common hostplants 34,heuristic
common_hostplants.37,Common hostplants 37,heuristic
common_hostplants.40,Common hostplants 40,heuristic
common_hostplants.41,Common hostplants 41,heuristic
common_hostplants.42,Common hostplants 42,heuristic
common_hostplants.43,Common hostplants 43,heuristic
common_hostplants.46,Common hostplants 46,heuristic
common_hostplants.49,Common hostplants 49,heuristic
common_hostplants.50,Common hostplants 50,heuristic
common_hostplants.52,Common hostplants 52,heuristic
common_hostplants.55,Common hostplants 55,heuristic
habitat,"specificity and characteristics, breeding habitat, and morphological characteristics. Broader",readme (line)
habitat.1,Habitat 1,heuristic
habitat.2,Habitat 2,heuristic
habitat.3,Habitat 3,heuristic
habitat.4,Habitat 4,heuristic
habitat.5,Habitat 5,heuristic
habitat.6,Habitat 6,heuristic
habitat.7,Habitat 7,heuristic
habitat.8,Habitat 8,heuristic
habitat.9,Habitat 9,heuristic
habitat.10,Habitat 10,heuristic
habitat.11,Habitat 11,heuristic
habitat.12,Habitat 12,heuristic
habitat.13,Habitat 13,heuristic
habitat.14,Habitat 14,heuristic
habitat.15,Habitat 15,heuristic
habitat.16,Habitat 16,heuristic
habitat.17,Habitat 17,heuristic
habitat.18,Habitat 18,heuristic
habitat.19,Habitat 19,heuristic
habitat.20,Habitat 20,heuristic
habitat.21,Habitat 21,heuristic
