community,n_species,gb_threatened_n,gb_threatened_pct,ie_threatened_n,ie_threatened_pct,top_enriched_traits
0,208,12.0,5.8,12.0,5.8,lichens_algae_most_common; host_plant_section_other_algae_lichens; lar_nov; pupal_habit_leaf_litter_moss_on_ground_soil_surface_requires_confirmation; larva_1
1,146,0.0,0.0,0.0,0.0,lar_dec_uncertain; lar_jan_uncertain; lar_feb_uncertain; lar_jun_uncertain; lar_july_uncertain
2,145,10.0,6.9,8.0,5.5,pup_multiple_2; hostplant_or_hostplant_category_scientific_clematis_vitalba; seeds_berries_fruits; pup_nov; 6d_coastal_shingle
3,140,23.0,16.4,11.0,7.9,egg_feb; egg_1; egg_nov; egg_mar; egg_oct
4,136,6.0,4.4,4.0,2.9,downy_birch_betula_pubescens_main; dead_rotten_wood; aspen_populus_tremula_main; 1d_wet_woodland_alder_willow_carr; alder_alnus_glutinosa_main
5,75,2.0,2.7,2.0,2.7,adult_1; ad_mar; ad_feb; ad_jan; 8_other_ubiquitous
6,67,3.0,4.5,2.0,3.0,trunk_branches; lar_multiple_1; honeysuckle_lonicera_periclymenum_main; bramble_rubus_fruticosus_main; pupal_habit_hostplant_internal_stem_confirmed
7,46,15.0,32.6,10.0,21.7,lar_multiple_2; other_vegetation_external; larva_within_cocoon_or_cell; stone_inc_walls; diurnal
8,5,0.0,0.0,0.0,0.0,england; scotland; wales; northern_ireland; republic_of_ireland
