stage,dropped_column
redundancy,communal_or_nest_all_instars
redundancy,communal_or_nest_early_instars
redundancy,egg_dec
redundancy,egg_jan
redundancy,hostplant_or_hostplant_category_common_reed_phragmites_australis
redundancy,hostplant_or_hostplant_category_pedunculate_oak_quercus_robur
redundancy,hostplant_or_hostplant_category_traveller_s_joy_clematis_vitalba
redundancy,immigrant_gb_ire_ci_iom
redundancy,immigrant_possible
redundancy,lar_dec
redundancy,lar_feb
redundancy,lar_jan
redundancy,lar_multiple_more_than_once
redundancy,lar_multiple_sometimes
redundancy,larval_stage_lar_apr_present
redundancy,larval_stage_lar_apr_uncertain
redundancy,larval_stage_lar_aug_present
redundancy,larval_stage_lar_aug_uncertain
redundancy,larval_stage_lar_dec_present
redundancy,larval_stage_lar_dec_uncertain
redundancy,larval_stage_lar_feb_present
redundancy,larval_stage_lar_feb_uncertain
redundancy,larval_stage_lar_jan_present
redundancy,larval_stage_lar_jan_uncertain
redundancy,larval_stage_lar_july_present
redundancy,larval_stage_lar_july_uncertain
redundancy,larval_stage_lar_jun_present
redundancy,larval_stage_lar_jun_uncertain
redundancy,larval_stage_lar_mar_present
redundancy,larval_stage_lar_mar_uncertain
redundancy,larval_stage_lar_may_present
redundancy,larval_stage_lar_may_uncertain
redundancy,larval_stage_lar_nov_present
redundancy,larval_stage_lar_nov_uncertain
redundancy,larval_stage_lar_oct_present
redundancy,larval_stage_lar_oct_uncertain
redundancy,larval_stage_lar_sep_present
redundancy,larval_stage_lar_sep_uncertain
redundancy,pup_dec
redundancy,pup_feb
redundancy,pup_jan
redundancy,pup_mar
redundancy,pup_multiple_sometimes
redundancy,pupal_stage_pup_apr_present
redundancy,pupal_stage_pup_aug_present
redundancy,pupal_stage_pup_aug_present_overwinter_multiple
redundancy,pupal_stage_pup_dec_present
redundancy,pupal_stage_pup_feb_present
redundancy,pupal_stage_pup_jan_present
redundancy,pupal_stage_pup_jul_present
redundancy,pupal_stage_pup_jul_present_overwinter_multiple
redundancy,pupal_stage_pup_jun_present
redundancy,pupal_stage_pup_jun_present_overwinter_multiple
redundancy,pupal_stage_pup_mar_present
redundancy,pupal_stage_pup_may_present
redundancy,pupal_stage_pup_may_present_overwinter_multiple
redundancy,pupal_stage_pup_nov_present
redundancy,pupal_stage_pup_oct_present
redundancy,pupal_stage_pup_sep_present
redundancy,resident_gb_ire_ci_iom
redundancy,resident_temporary
