column_name,trait_family
england,geography_distribution
scotland,geography_distribution
wales,geography_distribution
northern_ireland,geography_distribution
republic_of_ireland,geography_distribution
immigrant_1,dispersal_mobility
immigrant_2,dispersal_mobility
resident_1,dispersal_mobility
resident_2,dispersal_mobility
diurnal,activity_behavior
nocturnal,activity_behavior
easily_disturbed_by_day,behavioral_ecology
communal_or_nest_1,reproductive_strategy
communal_or_nest_2,reproductive_strategy
below_ground,developmental_substrate
pupal_habit_leaf_litter_moss_on_ground_soil_surface_confirmed,pupal_habit
pupal_habit_leaf_litter_moss_on_ground_soil_surface_requires_confirmation,pupal_habit
pupal_habit_hostplant_external_confirmed,pupal_habit
pupal_habit_hostplant_internal_stem_confirmed,pupal_habit
other_vegetation_external,developmental_substrate
stone_inc_walls,developmental_substrate
dead_rotten_wood,developmental_substrate
wingless_reduced_wing_female,morphology
obligate_univoltine,voltinism
obligate_multivoltine,voltinism
partial_generation,voltinism
egg_feb,life_cycle_general
egg_mar,life_cycle_general
egg_apr,life_cycle_general
egg_may,life_cycle_general
egg_jun,life_cycle_general
egg_jul,life_cycle_general
egg_sep,life_cycle_general
egg_oct,life_cycle_general
egg_nov,life_cycle_general
lar_jan_uncertain,life_cycle_general
lar_feb_uncertain,life_cycle_general
lar_mar,life_cycle_general
lar_mar_uncertain,life_cycle_general
lar_apr,life_cycle_general
lar_apr_uncertain,life_cycle_general
lar_may,life_cycle_general
lar_may_uncertain,life_cycle_general
lar_jun,life_cycle_general
lar_jun_uncertain,life_cycle_general
lar_july,life_cycle_general
lar_july_uncertain,life_cycle_general
lar_aug,life_cycle_general
lar_aug_uncertain,life_cycle_general
lar_sep,life_cycle_general
lar_sep_uncertain,life_cycle_general
lar_oct,life_cycle_general
lar_oct_uncertain,life_cycle_general
lar_nov,life_cycle_general
lar_nov_uncertain,life_cycle_general
lar_dec_uncertain,life_cycle_general
lar_multiple_1,life_cycle_general
lar_multiple_2,life_cycle_general
pup_apr,phenology
pup_may,phenology
pup_may_overwinters,overwintering
pup_jun,phenology
pup_jun_overwinters,overwintering
pup_jul,phenology
pup_jul_overwinters,overwintering
pup_aug,phenology
pup_aug_overwinters,overwintering
pup_sep,phenology
pup_oct,phenology
pup_nov,phenology
pup_multiple_2,life_history_misc
ad_jan,phenology
ad_feb,phenology
ad_mar,phenology
ad_apr,phenology
ad_may,phenology
ad_jun,phenology
ad_jul,phenology
ad_agu,life_history_misc
ad_sep,phenology
ad_oct,phenology
ad_nov,phenology
ad_dec,phenology
egg_1,life_cycle_general
larva_1,life_cycle_general
larva_within_cocoon_or_cell,life_cycle_general
adult_1,life_cycle_general
adult_2,life_cycle_general
specificity_monophagous,life_history_misc
specificity_oligophagous_genus,life_history_misc
specificity_polyphagous,life_history_misc
hostplant_or_hostplant_category_scientific_clematis_vitalba,life_history_misc
hostplant_or_hostplant_category_scientific_phragmites_australis,life_history_misc
hostplant_or_hostplant_category_scientific_quercus_robur,life_history_misc
hostplant_native,life_history_misc
hostplant_main_non_native,life_history_misc
hostplant_only_non_native,life_history_misc
sedges_most_common,life_history_misc
grasses_most_common,life_history_misc
forbs_most_common,life_history_misc
forbs_also_reported,life_history_misc
ferns_most_common,life_history_misc
broadleaf_trees_most_common,life_history_misc
broadleaf_trees_also_reported,life_history_misc
coniferous_trees_most_common,life_history_misc
coniferous_trees_also_reported,life_history_misc
shrubs_dwarf_shrubs_most_common,life_history_misc
shrubs_dwarf_shrubs_also_reported,life_history_misc
lichens_algae_most_common,life_history_misc
dead_withered_leaves_most_common,microhabitat
live_dead_invertebrates_meat_most_common,life_history_misc
roots,life_history_misc
stem_shoot,life_history_misc
trunk_branches,life_history_misc
seeds_berries_fruits,life_history_misc
flowers_flower_buds_catkins,life_history_misc
leaves_leaf_buds_fronds_external,life_history_misc
host_plant_section_other_algae_lichens,life_history_misc
willow_salix_spp_main,life_history_misc
birches_betula_spp_main,life_history_misc
blackthorn_prunus_spinosa_main,life_history_misc
oaks_quercus_spp_main,life_history_misc
hawthorn_crataegus_monogyna_main,life_history_misc
docks_rumex_spp_main,life_history_misc
docks_rumex_spp_occasional,life_history_misc
hazel_corylus_avellana_main,life_history_misc
heather_calluna_vulgaris_main,life_history_misc
bramble_rubus_fruticosus_main,life_history_misc
bilberry_vaccinium_myrtillus_main,life_history_misc
alder_alnus_glutinosa_main,life_history_misc
pedunculate_oak_quercus_robur_main,life_history_misc
aspen_populus_tremula_main,life_history_misc
elms_ulmus_spp_main,life_history_misc
dandelions_taraxacum_spp_main,life_history_misc
downy_birch_betula_pubescens_main,life_history_misc
hawthorns_crataegus_spp_main,life_history_misc
hawthorns_crataegus_spp_occasional,life_history_misc
beech_fagus_sylvatica_main,life_history_misc
honeysuckle_lonicera_periclymenum_main,life_history_misc
1_woodland,developmental_substrate
1a_broadleaved_woodland,developmental_substrate
1b_coniferious_woodland,developmental_substrate
1c_scrub_and_hedgerows,life_history_misc
1d_wet_woodland_alder_willow_carr,developmental_substrate
2_heathland,life_history_misc
3_moorland,life_history_misc
4_grassland,life_history_misc
4a_calcareou_grassland,life_history_misc
4b_wet_grassland,life_history_misc
4c_acid_grassland,life_history_misc
5_wetlands,life_history_misc
5a_bog_mosses_mires,life_history_misc
5b_fens_and_marshes,phenology
5c_reedbeds,life_history_misc
6a_sand_dunes,life_history_misc
6b_saltmarsh,phenology
6c_rocky_coast,life_history_misc
6d_coastal_shingle,life_history_misc
7_montane_upland_obligate,life_history_misc
7_montane_upland_predominately,life_history_misc
7_montane_upland_generalist,life_history_misc
8_other_farmland,life_history_misc
8_other_ubiquitous,life_history_misc
