source_trait,source_value,incidence_column,encoding_type
england,1,england,binary_1_means_present
scotland,1,scotland,binary_1_means_present
wales,1,wales,binary_1_means_present
northern_ireland,1,northern_ireland,binary_1_means_present
republic_of_ireland,1,republic_of_ireland,binary_1_means_present
reintroduced_gb_ire,1,reintroduced_gb_ire,binary_1_means_present
reintroduced_one_country,1,reintroduced_one_country,binary_1_means_present
reintroduced,1,reintroduced_1,categorical
reintroduced,2,reintroduced_2,categorical
immigrant_gb_ire_ci_iom,1,immigrant_gb_ire_ci_iom,binary_1_means_present
immigrant_possible,1,immigrant_possible,binary_1_means_present
immigrant,1,immigrant_1,categorical
immigrant,2,immigrant_2,categorical
resident_gb_ire_ci_iom,1,resident_gb_ire_ci_iom,binary_1_means_present
resident_temporary,1,resident_temporary,binary_1_means_present
resident_uncertain,1,resident_uncertain,binary_1_means_present
resident,1,resident_1,categorical
resident,2,resident_2,categorical
resident,3,resident_3,categorical
extinct_gb,1,extinct_gb,binary_1_means_present
extinct_i,1,extinct_i,binary_1_means_present
red_list_gb_lc,1,red_list_gb_lc,binary_1_means_present
red_list_gb_nt,1,red_list_gb_nt,binary_1_means_present
status_red_list_gb_re,1,status_red_list_gb_re,binary_1_means_present
status_red_list_gb_vu,1,status_red_list_gb_vu,binary_1_means_present
status_red_list_gb_cr,1,status_red_list_gb_cr,binary_1_means_present
red_list_gb_en,CR,red_list_gb_en_cr,categorical
red_list_gb_en,CR (PE),red_list_gb_en_cr_pe,categorical
red_list_gb_en,DD,red_list_gb_en_dd,categorical
red_list_gb_en,EN,red_list_gb_en_en,categorical
red_list_gb_en,LC,red_list_gb_en_lc,categorical
red_list_gb_en,NT,red_list_gb_en_nt,categorical
red_list_gb_en,RE,red_list_gb_en_re,categorical
red_list_gb_en,VU,red_list_gb_en_vu,categorical
red_list_ireland_lc,1,red_list_ireland_lc,binary_1_means_present
red_list_ireland_ne,1,red_list_ireland_ne,binary_1_means_present
red_list_ireland_re,1,red_list_ireland_re,binary_1_means_present
red_list_ireland_vu,1,red_list_ireland_vu,binary_1_means_present
red_list_ireland_cr,1,red_list_ireland_cr,binary_1_means_present
red_list_ireland_en,1,red_list_ireland_en,binary_1_means_present
red_list_ireland_nt,1,red_list_ireland_nt,binary_1_means_present
red_list_ireland_dd,1,red_list_ireland_dd,binary_1_means_present
red_list_ireland,CR,red_list_ireland_cr,categorical
red_list_ireland,DD,red_list_ireland_dd,categorical
red_list_ireland,EN,red_list_ireland_en,categorical
red_list_ireland,LC,red_list_ireland_lc,categorical
red_list_ireland,NE,red_list_ireland_ne,categorical
red_list_ireland,NT,red_list_ireland_nt,categorical
red_list_ireland,RE,red_list_ireland_re,categorical
red_list_ireland,VU,red_list_ireland_vu,categorical
diurnal,1,diurnal,binary_1_means_present
nocturnal,1,nocturnal,binary_1_means_present
easily_disturbed_by_day,1,easily_disturbed_by_day,binary_1_means_present
communal_or_nest_early_instars,1,communal_or_nest_early_instars,binary_1_means_present
communal_or_nest_all_instars,1,communal_or_nest_all_instars,binary_1_means_present
communal_or_nest,1,communal_or_nest_1,categorical
communal_or_nest,2,communal_or_nest_2,categorical
below_ground,1,below_ground,binary_1_means_present
leaf_litter_moss_on_ground_soil_surface,1,pupal_habit_leaf_litter_moss_on_ground_soil_surface_confirmed,pupal_habit_code
leaf_litter_moss_on_ground_soil_surface,2,pupal_habit_leaf_litter_moss_on_ground_soil_surface_requires_confirmation,pupal_habit_code
hostplant_external,1,pupal_habit_hostplant_external_confirmed,pupal_habit_code
hostplant_external,2,pupal_habit_hostplant_external_requires_confirmation,pupal_habit_code
hostplant_internal_stem,1,pupal_habit_hostplant_internal_stem_confirmed,pupal_habit_code
hostplant_internal_stem,2,pupal_habit_hostplant_internal_stem_requires_confirmation,pupal_habit_code
hostplant_internal_root,1,hostplant_internal_root,binary_1_means_present
other_vegetation_external,1,other_vegetation_external,binary_1_means_present
stone_inc_walls,1,stone_inc_walls,binary_1_means_present
dead_rotten_wood,1,dead_rotten_wood,binary_1_means_present
wingless_reduced_wing_female,1,wingless_reduced_wing_female,binary_1_means_present
obligate_univoltine,1,obligate_univoltine,binary_1_means_present
obligate_multivoltine,1,obligate_multivoltine,binary_1_means_present
partial_generation,1,partial_generation,binary_1_means_present
egg_jan,1,egg_jan,binary_1_means_present
egg_feb,1,egg_feb,binary_1_means_present
egg_mar,1,egg_mar,binary_1_means_present
egg_apr,1,egg_apr,binary_1_means_present
egg_may,1,egg_may,binary_1_means_present
egg_jun,1,egg_jun,binary_1_means_present
egg_jul,1,egg_jul,binary_1_means_present
egg_aug,1,egg_aug_1,categorical
egg_aug,1`,egg_aug_1,categorical
egg_sep,1,egg_sep,binary_1_means_present
egg_oct,1,egg_oct,binary_1_means_present
egg_nov,1,egg_nov,binary_1_means_present
egg_dec,1,egg_dec,binary_1_means_present
lar_jan,1,lar_jan,binary_1_means_present
lar_jan_overwinters,1,lar_jan_overwinters,binary_1_means_present
lar_jan_uncertain,1,lar_jan_uncertain,binary_1_means_present
larval_stage_lar_jan,1,larval_stage_lar_jan_present,stage_code
larval_stage_lar_jan,?,larval_stage_lar_jan_uncertain,stage_code
lar_feb,1,lar_feb,binary_1_means_present
lar_feb_overwinters,1,lar_feb_overwinters,binary_1_means_present
lar_feb_uncertain,1,lar_feb_uncertain,binary_1_means_present
larval_stage_lar_feb,1,larval_stage_lar_feb_present,stage_code
larval_stage_lar_feb,?,larval_stage_lar_feb_uncertain,stage_code
lar_mar,1,lar_mar,binary_1_means_present
lar_mar_overwinters,1,lar_mar_overwinters,binary_1_means_present
lar_mar_uncertain,1,lar_mar_uncertain,binary_1_means_present
larval_stage_lar_mar,1,larval_stage_lar_mar_present,stage_code
larval_stage_lar_mar,?,larval_stage_lar_mar_uncertain,stage_code
lar_apr,1,lar_apr,binary_1_means_present
lar_apr_overwinters,1,lar_apr_overwinters,binary_1_means_present
lar_apr_uncertain,1,lar_apr_uncertain,binary_1_means_present
larval_stage_lar_apr,1,larval_stage_lar_apr_present,stage_code
larval_stage_lar_apr,?,larval_stage_lar_apr_uncertain,stage_code
lar_may,1,lar_may,binary_1_means_present
lar_may_overwinters,1,lar_may_overwinters,binary_1_means_present
lar_may_uncertain,1,lar_may_uncertain,binary_1_means_present
larval_stage_lar_may,1,larval_stage_lar_may_present,stage_code
larval_stage_lar_may,?,larval_stage_lar_may_uncertain,stage_code
lar_jun,1,lar_jun,binary_1_means_present
lar_jun_overwinters,1,lar_jun_overwinters,binary_1_means_present
lar_jun_uncertain,1,lar_jun_uncertain,binary_1_means_present
larval_stage_lar_jun,1,larval_stage_lar_jun_present,stage_code
larval_stage_lar_jun,?,larval_stage_lar_jun_uncertain,stage_code
larval_stage_lar_jun,2,larval_stage_lar_jun_present_overwinter_multiple,stage_code
lar_july,1,lar_july,binary_1_means_present
lar_july_overwinters,1,lar_july_overwinters,binary_1_means_present
lar_july_uncertain,1,lar_july_uncertain,binary_1_means_present
larval_stage_lar_july,1,larval_stage_lar_july_present,stage_code
larval_stage_lar_july,?,larval_stage_lar_july_uncertain,stage_code
larval_stage_lar_july,2,larval_stage_lar_july_present_overwinter_multiple,stage_code
lar_aug,1,lar_aug,binary_1_means_present
lar_aug_overwinters,1,lar_aug_overwinters,binary_1_means_present
lar_aug_uncertain,1,lar_aug_uncertain,binary_1_means_present
larval_stage_lar_aug,1,larval_stage_lar_aug_present,stage_code
larval_stage_lar_aug,?,larval_stage_lar_aug_uncertain,stage_code
lar_sep,1,lar_sep,binary_1_means_present
lar_sep_overwinters,1,lar_sep_overwinters,binary_1_means_present
lar_sep_uncertain,1,lar_sep_uncertain,binary_1_means_present
larval_stage_lar_sep,1,larval_stage_lar_sep_present,stage_code
larval_stage_lar_sep,?,larval_stage_lar_sep_uncertain,stage_code
lar_oct,1,lar_oct,binary_1_means_present
lar_oct_overwinters,1,lar_oct_overwinters,binary_1_means_present
lar_oct_uncertain,1,lar_oct_uncertain,binary_1_means_present
larval_stage_lar_oct,1,larval_stage_lar_oct_present,stage_code
larval_stage_lar_oct,?,larval_stage_lar_oct_uncertain,stage_code
lar_nov,1,lar_nov,binary_1_means_present
lar_nov_overwinters,1,lar_nov_overwinters,binary_1_means_present
lar_nov_uncertain,1,lar_nov_uncertain,binary_1_means_present
larval_stage_lar_nov,1,larval_stage_lar_nov_present,stage_code
larval_stage_lar_nov,?,larval_stage_lar_nov_uncertain,stage_code
lar_dec,1,lar_dec,binary_1_means_present
lar_dec_overwinters,1,lar_dec_overwinters,binary_1_means_present
lar_dec_uncertain,1,lar_dec_uncertain,binary_1_means_present
larval_stage_lar_dec,1,larval_stage_lar_dec_present,stage_code
larval_stage_lar_dec,?,larval_stage_lar_dec_uncertain,stage_code
lar_multiple_more_than_once,1,lar_multiple_more_than_once,binary_1_means_present
lar_multiple_sometimes,1,lar_multiple_sometimes,binary_1_means_present
lar_multiple_uncertain,1,lar_multiple_uncertain,binary_1_means_present
lar_multiple,1,lar_multiple_1,categorical
lar_multiple,2,lar_multiple_2,categorical
lar_multiple,?,lar_multiple_,categorical
pup_jan,1,pup_jan,binary_1_means_present
pup_jan_overwinters,1,pup_jan_overwinters,binary_1_means_present
pup_jan_uncertain,1,pup_jan_uncertain,binary_1_means_present
pupal_stage_pup_jan,1,pupal_stage_pup_jan_present,stage_code
pupal_stage_pup_jan,2,pupal_stage_pup_jan_present_overwinter_multiple,stage_code
pup_feb,1,pup_feb,binary_1_means_present
pup_feb_overwinters,1,pup_feb_overwinters,binary_1_means_present
pup_feb_uncertain,1,pup_feb_uncertain,binary_1_means_present
pupal_stage_pup_feb,1,pupal_stage_pup_feb_present,stage_code
pupal_stage_pup_feb,2,pupal_stage_pup_feb_present_overwinter_multiple,stage_code
pup_mar,1,pup_mar,binary_1_means_present
pup_mar_overwinters,1,pup_mar_overwinters,binary_1_means_present
pup_mar_uncertain,1,pup_mar_uncertain,binary_1_means_present
pupal_stage_pup_mar,1,pupal_stage_pup_mar_present,stage_code
pupal_stage_pup_mar,2,pupal_stage_pup_mar_present_overwinter_multiple,stage_code
pup_apr,1,pup_apr,binary_1_means_present
pup_apr_overwinters,1,pup_apr_overwinters,binary_1_means_present
pup_apr_uncertain,1,pup_apr_uncertain,binary_1_means_present
pupal_stage_pup_apr,1,pupal_stage_pup_apr_present,stage_code
pupal_stage_pup_apr,2,pupal_stage_pup_apr_present_overwinter_multiple,stage_code
pup_may,1,pup_may,binary_1_means_present
pup_may_overwinters,1,pup_may_overwinters,binary_1_means_present
pup_may_uncertain,1,pup_may_uncertain,binary_1_means_present
pupal_stage_pup_may,1,pupal_stage_pup_may_present,stage_code
pupal_stage_pup_may,2,pupal_stage_pup_may_present_overwinter_multiple,stage_code
pup_jun,1,pup_jun,binary_1_means_present
pup_jun_overwinters,1,pup_jun_overwinters,binary_1_means_present
pup_jun_uncertain,1,pup_jun_uncertain,binary_1_means_present
pupal_stage_pup_jun,1,pupal_stage_pup_jun_present,stage_code
pupal_stage_pup_jun,2,pupal_stage_pup_jun_present_overwinter_multiple,stage_code
pup_jul,1,pup_jul,binary_1_means_present
pup_jul_overwinters,1,pup_jul_overwinters,binary_1_means_present
pup_jul_uncertain,1,pup_jul_uncertain,binary_1_means_present
pupal_stage_pup_jul,1,pupal_stage_pup_jul_present,stage_code
pupal_stage_pup_jul,2,pupal_stage_pup_jul_present_overwinter_multiple,stage_code
pup_aug,1,pup_aug,binary_1_means_present
pup_aug_overwinters,1,pup_aug_overwinters,binary_1_means_present
pup_aug_uncertain,1,pup_aug_uncertain,binary_1_means_present
pupal_stage_pup_aug,1,pupal_stage_pup_aug_present,stage_code
pupal_stage_pup_aug,2,pupal_stage_pup_aug_present_overwinter_multiple,stage_code
pup_sep,1,pup_sep,binary_1_means_present
pup_sep_overwinters,1,pup_sep_overwinters,binary_1_means_present
pup_sep_uncertain,1,pup_sep_uncertain,binary_1_means_present
pupal_stage_pup_sep,1,pupal_stage_pup_sep_present,stage_code
pupal_stage_pup_sep,2,pupal_stage_pup_sep_present_overwinter_multiple,stage_code
pup_oct,1,pup_oct,binary_1_means_present
pup_oct_overwinters,1,pup_oct_overwinters,binary_1_means_present
pup_oct_uncertain,1,pup_oct_uncertain,binary_1_means_present
pupal_stage_pup_oct,1,pupal_stage_pup_oct_present,stage_code
pupal_stage_pup_oct,2,pupal_stage_pup_oct_present_overwinter_multiple,stage_code
pup_nov,1,pup_nov,binary_1_means_present
pup_nov_overwinters,1,pup_nov_overwinters,binary_1_means_present
pup_nov_uncertain,1,pup_nov_uncertain,binary_1_means_present
pupal_stage_pup_nov,1,pupal_stage_pup_nov_present,stage_code
pupal_stage_pup_nov,2,pupal_stage_pup_nov_present_overwinter_multiple,stage_code
pup_dec,1,pup_dec,binary_1_means_present
pup_dec_overwinters,1,pup_dec_overwinters,binary_1_means_present
pup_dec_uncertain,1,pup_dec_uncertain,binary_1_means_present
pupal_stage_pup_dec,1,pupal_stage_pup_dec_present,stage_code
pupal_stage_pup_dec,2,pupal_stage_pup_dec_present_overwinter_multiple,stage_code
pup_multiple_more_than_once,1,pup_multiple_more_than_once,binary_1_means_present
pup_multiple_sometimes,1,pup_multiple_sometimes,binary_1_means_present
pup_multiple_uncertain,1,pup_multiple_uncertain,binary_1_means_present
pup_multiple,2,pup_multiple_2,categorical
ad_jan,1,ad_jan,binary_1_means_present
ad_feb,1,ad_feb,binary_1_means_present
ad_mar,1,ad_mar,binary_1_means_present
ad_apr,1,ad_apr,binary_1_means_present
ad_may,1,ad_may,binary_1_means_present
ad_jun,1,ad_jun,binary_1_means_present
ad_jul,1,ad_jul,binary_1_means_present
ad_agu,1,ad_agu,binary_1_means_present
ad_sep,1,ad_sep,binary_1_means_present
ad_oct,1,ad_oct,binary_1_means_present
ad_nov,1,ad_nov,binary_1_means_present
ad_dec,1,ad_dec,binary_1_means_present
egg,1,egg_1,categorical
egg,2,egg_2,categorical
larva,1,larva_1,categorical
larva,1c,larva_1c,categorical
larva_within_cocoon_or_cell,1,larva_within_cocoon_or_cell,binary_1_means_present
pupa,1,pupa_1,categorical
pupa,1?,pupa_1,categorical
pupa,2,pupa_2,categorical
adult,1,adult_1,categorical
adult,2,adult_2,categorical
specificity,Monophagous,specificity_monophagous,categorical
specificity,Oligophagous (Family),specificity_oligophagous_family,categorical
specificity,Oligophagous (Genus),specificity_oligophagous_genus,categorical
specificity,Oligophagous (family),specificity_oligophagous_family,categorical
specificity,Polyphagous,specificity_polyphagous,categorical
hostplant_or_hostplant_category,Alder Alnus glutinosa,hostplant_or_hostplant_category_alder_alnus_glutinosa,categorical
hostplant_or_hostplant_category,Apple Malus domestica,hostplant_or_hostplant_category_apple_malus_domestica,categorical
hostplant_or_hostplant_category,Ash Fraxinus excelsior,hostplant_or_hostplant_category_ash_fraxinus_excelsior,categorical
hostplant_or_hostplant_category,Aspen Populus tremula,hostplant_or_hostplant_category_aspen_populus_tremula,categorical
hostplant_or_hostplant_category,Bearberry Arctostaphylos uva-ursi,hostplant_or_hostplant_category_bearberry_arctostaphylos_uva_ursi,categorical
hostplant_or_hostplant_category,Beech Fagus sylvatica,hostplant_or_hostplant_category_beech_fagus_sylvatica,categorical
hostplant_or_hostplant_category,Bilberry Vaccinium myrtillus,hostplant_or_hostplant_category_bilberry_vaccinium_myrtillus,categorical
hostplant_or_hostplant_category,Blackthorn Prunus spinosa,hostplant_or_hostplant_category_blackthorn_prunus_spinosa,categorical
hostplant_or_hostplant_category,Blue Moor-grass Sesleria caerulea,hostplant_or_hostplant_category_blue_moor_grass_sesleria_caerulea,categorical
hostplant_or_hostplant_category,Bracken Pteridium aquilinum,hostplant_or_hostplant_category_bracken_pteridium_aquilinum,categorical
hostplant_or_hostplant_category,Bristle Bent Agrostis curtisii,hostplant_or_hostplant_category_bristle_bent_agrostis_curtisii,categorical
hostplant_or_hostplant_category,Broom Cytisus scoparius,hostplant_or_hostplant_category_broom_cytisus_scoparius,categorical
hostplant_or_hostplant_category,Buckthorn Rhamnus cathartica,hostplant_or_hostplant_category_buckthorn_rhamnus_cathartica,categorical
hostplant_or_hostplant_category,Burnet-saxifrage Pimpinella saxifraga,hostplant_or_hostplant_category_burnet_saxifrage_pimpinella_saxifraga,categorical
hostplant_or_hostplant_category,Butterbur Petasites hybridus,hostplant_or_hostplant_category_butterbur_petasites_hybridus,categorical
hostplant_or_hostplant_category,Carline Thistle Carlina vulgaris,hostplant_or_hostplant_category_carline_thistle_carlina_vulgaris,categorical
hostplant_or_hostplant_category,Common Bird's-foot-trefoil Lotus corniculatus,hostplant_or_hostplant_category_common_bird_s_foot_trefoil_lotus_corniculatus,categorical
hostplant_or_hostplant_category,Common Cow-wheat Melampyrum pratense,hostplant_or_hostplant_category_common_cow_wheat_melampyrum_pratense,categorical
hostplant_or_hostplant_category,Common Juniper Juniperus communis,hostplant_or_hostplant_category_common_juniper_juniperus_communis,categorical
hostplant_or_hostplant_category,Common Marsh-bedstraw Galium palustre,hostplant_or_hostplant_category_common_marsh_bedstraw_galium_palustre,categorical
hostplant_or_hostplant_category,Common Nettle Urtica dioica,hostplant_or_hostplant_category_common_nettle_urtica_dioica,categorical
hostplant_or_hostplant_category,Common Reed Phragmites australis,hostplant_or_hostplant_category_common_reed_phragmites_australis,categorical
hostplant_or_hostplant_category,Common Restharrow Ononis repens,hostplant_or_hostplant_category_common_restharrow_ononis_repens,categorical
hostplant_or_hostplant_category,Common Rock-rose Helianthemum nummularium,hostplant_or_hostplant_category_common_rock_rose_helianthemum_nummularium,categorical
hostplant_or_hostplant_category,Common Toadflax Linaria vulgaris,hostplant_or_hostplant_category_common_toadflax_linaria_vulgaris,categorical
hostplant_or_hostplant_category,Crowberry Empetrum nigrum,hostplant_or_hostplant_category_crowberry_empetrum_nigrum,categorical
hostplant_or_hostplant_category,European Larch Larix decidua,hostplant_or_hostplant_category_european_larch_larix_decidua,categorical
hostplant_or_hostplant_category,Field Bindweed Convolvulus arvensis,hostplant_or_hostplant_category_field_bindweed_convolvulus_arvensis,categorical
hostplant_or_hostplant_category,Field Maple Acer campestre,hostplant_or_hostplant_category_field_maple_acer_campestre,categorical
hostplant_or_hostplant_category,Field Mouse-ear Cerastium arvense,hostplant_or_hostplant_category_field_mouse_ear_cerastium_arvense,categorical
hostplant_or_hostplant_category,Flixweed Descurainia sophia,hostplant_or_hostplant_category_flixweed_descurainia_sophia,categorical
hostplant_or_hostplant_category,Foxglove Digitalis purpurea,hostplant_or_hostplant_category_foxglove_digitalis_purpurea,categorical
hostplant_or_hostplant_category,Goldenrod Solidago virgaurea,hostplant_or_hostplant_category_goldenrod_solidago_virgaurea,categorical
hostplant_or_hostplant_category,Heath Bedstraw Galium saxatile,hostplant_or_hostplant_category_heath_bedstraw_galium_saxatile,categorical
hostplant_or_hostplant_category,Heather Calluna vulgaris,hostplant_or_hostplant_category_heather_calluna_vulgaris,categorical
hostplant_or_hostplant_category,Hemp-agrimony Eupatorium cannabinum,hostplant_or_hostplant_category_hemp_agrimony_eupatorium_cannabinum,categorical
hostplant_or_hostplant_category,Hog's Fennel Peucedanum officinale,hostplant_or_hostplant_category_hog_s_fennel_peucedanum_officinale,categorical
hostplant_or_hostplant_category,Holm Oak Quercus ilex,hostplant_or_hostplant_category_holm_oak_quercus_ilex,categorical
hostplant_or_hostplant_category,Honeysuckle Lonicera periclymenum,hostplant_or_hostplant_category_honeysuckle_lonicera_periclymenum,categorical
hostplant_or_hostplant_category,Hop Humulus lupulus,hostplant_or_hostplant_category_hop_humulus_lupulus,categorical
hostplant_or_hostplant_category,Horseshoe Vetch Hippocrepis comosa,hostplant_or_hostplant_category_horseshoe_vetch_hippocrepis_comosa,categorical
hostplant_or_hostplant_category,Kidney Vetch Anthyllis vulneraria,hostplant_or_hostplant_category_kidney_vetch_anthyllis_vulneraria,categorical
hostplant_or_hostplant_category,Knotgrass Polygonum aviculare,hostplant_or_hostplant_category_knotgrass_polygonum_aviculare,categorical
hostplant_or_hostplant_category,Lady's Bedstraw Galium verum,hostplant_or_hostplant_category_lady_s_bedstraw_galium_verum,categorical
hostplant_or_hostplant_category,Lesser Pond-sedge Carex acutiformis,hostplant_or_hostplant_category_lesser_pond_sedge_carex_acutiformis,categorical
hostplant_or_hostplant_category,Lyme-grass Leymus arenarius,hostplant_or_hostplant_category_lyme_grass_leymus_arenarius,categorical
hostplant_or_hostplant_category,Marram Ammophila arenaria,hostplant_or_hostplant_category_marram_ammophila_arenaria,categorical
hostplant_or_hostplant_category,Marsh Cinquefoil Comarum palustre,hostplant_or_hostplant_category_marsh_cinquefoil_comarum_palustre,categorical
hostplant_or_hostplant_category,Marsh-mallow Althaea officinalis,hostplant_or_hostplant_category_marsh_mallow_althaea_officinalis,categorical
hostplant_or_hostplant_category,Mat-grass Nardus stricta,hostplant_or_hostplant_category_mat_grass_nardus_stricta,categorical
hostplant_or_hostplant_category,Milk-parsley Thysselinum palustre,hostplant_or_hostplant_category_milk_parsley_thysselinum_palustre,categorical
hostplant_or_hostplant_category,Monterey Cypress Cupressus macrocarpa,hostplant_or_hostplant_category_monterey_cypress_cupressus_macrocarpa,categorical
hostplant_or_hostplant_category,Norway Spruce Picea abies,hostplant_or_hostplant_category_norway_spruce_picea_abies,categorical
hostplant_or_hostplant_category,Nottingham Catchfly silene nutans,hostplant_or_hostplant_category_nottingham_catchfly_silene_nutans,categorical
hostplant_or_hostplant_category,Pedunculate Oak Quercus robur,hostplant_or_hostplant_category_pedunculate_oak_quercus_robur,categorical
hostplant_or_hostplant_category,Pellitory-of-the-wall Parietaria judaica,hostplant_or_hostplant_category_pellitory_of_the_wall_parietaria_judaica,categorical
hostplant_or_hostplant_category,Potato Solanum tuberosum,hostplant_or_hostplant_category_potato_solanum_tuberosum,categorical
hostplant_or_hostplant_category,Raspberry Rubus idaeus,hostplant_or_hostplant_category_raspberry_rubus_idaeus,categorical
hostplant_or_hostplant_category,Red Campion Silene dioica,hostplant_or_hostplant_category_red_campion_silene_dioica,categorical
hostplant_or_hostplant_category,Rosebay Willowherb Chamaenerion angustifolium,hostplant_or_hostplant_category_rosebay_willowherb_chamaenerion_angustifolium,categorical
hostplant_or_hostplant_category,Saw-wort Serratula tinctoria,hostplant_or_hostplant_category_saw_wort_serratula_tinctoria,categorical
hostplant_or_hostplant_category,Scots Pine Pinus sylvestris,hostplant_or_hostplant_category_scots_pine_pinus_sylvestris,categorical
hostplant_or_hostplant_category,Sea Campion Silene uniflora,hostplant_or_hostplant_category_sea_campion_silene_uniflora,categorical
hostplant_or_hostplant_category,Sea Wormwood Artemisia maritima,hostplant_or_hostplant_category_sea_wormwood_artemisia_maritima,categorical
hostplant_or_hostplant_category,Sheeps-fescue Festuca ovina,hostplant_or_hostplant_category_sheep_s_fescue_festuca_ovina,categorical
hostplant_or_hostplant_category,Small-leaved Lime Tilia cordata,hostplant_or_hostplant_category_small_leaved_lime_tilia_cordata,categorical
hostplant_or_hostplant_category,Smooth Tare Ervum tetrasperma,hostplant_or_hostplant_category_smooth_tare_ervum_tetrasperma,categorical
hostplant_or_hostplant_category,Spindle Euonymus europaeus,hostplant_or_hostplant_category_spindle_euonymus_europaeus,categorical
hostplant_or_hostplant_category,St Johns-worts Hypericum spp.,hostplant_or_hostplant_category_st_john_s_worts_hypericum_spp,categorical
hostplant_or_hostplant_category,Tall Fescue Schedonorus arundinaceus,hostplant_or_hostplant_category_tall_fescue_schedonorus_arundinaceus,categorical
hostplant_or_hostplant_category,Tamarisk Tamarix gallica,hostplant_or_hostplant_category_tamarisk_tamarix_gallica,categorical
hostplant_or_hostplant_category,Thrift Armeria maritima,hostplant_or_hostplant_category_thrift_armeria_maritima,categorical
hostplant_or_hostplant_category,Tor-grass Brachypodium rupestre,hostplant_or_hostplant_category_tor_grass_brachypodium_rupestre,categorical
hostplant_or_hostplant_category,Touch-me-not Balsam Impatiens noli-tangere,hostplant_or_hostplant_category_touch_me_not_balsam_impatiens_noli_tangere,categorical
hostplant_or_hostplant_category,Travellers-joy Clematis vitalba,hostplant_or_hostplant_category_traveller_s_joy_clematis_vitalba,categorical
hostplant_or_hostplant_category,Tufted Hair-grass Deschampsia cespitosa,hostplant_or_hostplant_category_tufted_hair_grass_deschampsia_cespitosa,categorical
hostplant_or_hostplant_category,Wild Carrot Daucus carota,hostplant_or_hostplant_category_wild_carrot_daucus_carota,categorical
hostplant_or_hostplant_category,Wild Thyme Thymus drucei,hostplant_or_hostplant_category_wild_thyme_thymus_drucei,categorical
hostplant_or_hostplant_category,Wood Sage Teucrium scorodonia,hostplant_or_hostplant_category_wood_sage_teucrium_scorodonia,categorical
hostplant_or_hostplant_category,Wood Small-reed Calamagrostis epigejos,hostplant_or_hostplant_category_wood_small_reed_calamagrostis_epigejos,categorical
hostplant_or_hostplant_category,Wood Spurge Euphorbia amygdaloides,hostplant_or_hostplant_category_wood_spurge_euphorbia_amygdaloides,categorical
hostplant_or_hostplant_category,Wych Elm Ulmus glabra,hostplant_or_hostplant_category_wych_elm_ulmus_glabra,categorical
hostplant_or_hostplant_category,Yarrow Achillea millefolium,hostplant_or_hostplant_category_yarrow_achillea_millefolium,categorical
hostplant_or_hostplant_category,Yellow Loosestrife Lysimachia vulgaris,hostplant_or_hostplant_category_yellow_loosestrife_lysimachia_vulgaris,categorical
hostplant_or_hostplant_category,Yellow-rattle Rhinanthus minor,hostplant_or_hostplant_category_yellow_rattle_rhinanthus_minor,categorical
hostplant_or_hostplant_category,beard lichens Usnea spp.,hostplant_or_hostplant_category_beard_lichens_usnea_spp,categorical
hostplant_or_hostplant_category,birches Betula spp.,hostplant_or_hostplant_category_birches_betula_spp,categorical
hostplant_or_hostplant_category,eyebrights Euphrasia spp.,hostplant_or_hostplant_category_eyebrights_euphrasia_spp,categorical
hostplant_or_hostplant_category,grasses,hostplant_or_hostplant_category_grasses,categorical
hostplant_or_hostplant_category,honeysuckles Lonicera spp.,hostplant_or_hostplant_category_honeysuckles_lonicera_spp,categorical
hostplant_or_hostplant_category,irises Iris spp.,hostplant_or_hostplant_category_irises_iris_spp,categorical
hostplant_or_hostplant_category,junipers Juniperus spp.,hostplant_or_hostplant_category_junipers_juniperus_spp,categorical
hostplant_or_hostplant_category,lady's-mantles Alchemilla spp.,hostplant_or_hostplant_category_lady_s_mantles_alchemilla_spp,categorical
hostplant_or_hostplant_category,lichens,hostplant_or_hostplant_category_lichens,categorical
hostplant_or_hostplant_category,mosses,hostplant_or_hostplant_category_mosses,categorical
hostplant_or_hostplant_category,oaks Quercus spp.,hostplant_or_hostplant_category_oaks_quercus_spp,categorical
hostplant_or_hostplant_category,spurges Euphorbia spp.,hostplant_or_hostplant_category_spurges_euphorbia_spp,categorical
hostplant_or_hostplant_category,willows Salix spp.,hostplant_or_hostplant_category_willows_salix_spp,categorical
hostplant_or_hostplant_category_scientific,Acer campestre,hostplant_or_hostplant_category_scientific_acer_campestre,categorical
hostplant_or_hostplant_category_scientific,Achillea millefolium,hostplant_or_hostplant_category_scientific_achillea_millefolium,categorical
hostplant_or_hostplant_category_scientific,Agrostis curtisii,hostplant_or_hostplant_category_scientific_agrostis_curtisii,categorical
hostplant_or_hostplant_category_scientific,Alchemilla spp.,hostplant_or_hostplant_category_scientific_alchemilla_spp,categorical
hostplant_or_hostplant_category_scientific,Alnus glutinosa,hostplant_or_hostplant_category_scientific_alnus_glutinosa,categorical
hostplant_or_hostplant_category_scientific,Althaea officinalis,hostplant_or_hostplant_category_scientific_althaea_officinalis,categorical
hostplant_or_hostplant_category_scientific,Ammophila arenaria,hostplant_or_hostplant_category_scientific_ammophila_arenaria,categorical
hostplant_or_hostplant_category_scientific,Anthyllis vulneraria,hostplant_or_hostplant_category_scientific_anthyllis_vulneraria,categorical
hostplant_or_hostplant_category_scientific,Arctostaphylos uva-ursi,hostplant_or_hostplant_category_scientific_arctostaphylos_uva_ursi,categorical
hostplant_or_hostplant_category_scientific,Armeria maritima,hostplant_or_hostplant_category_scientific_armeria_maritima,categorical
hostplant_or_hostplant_category_scientific,Artemisia maritima,hostplant_or_hostplant_category_scientific_artemisia_maritima,categorical
hostplant_or_hostplant_category_scientific,Betula spp.,hostplant_or_hostplant_category_scientific_betula_spp,categorical
hostplant_or_hostplant_category_scientific,Brachypodium rupestre,hostplant_or_hostplant_category_scientific_brachypodium_rupestre,categorical
hostplant_or_hostplant_category_scientific,Calamagrostis epigejos,hostplant_or_hostplant_category_scientific_calamagrostis_epigejos,categorical
hostplant_or_hostplant_category_scientific,Calluna vulgaris,hostplant_or_hostplant_category_scientific_calluna_vulgaris,categorical
hostplant_or_hostplant_category_scientific,Carex acutiformis,hostplant_or_hostplant_category_scientific_carex_acutiformis,categorical
hostplant_or_hostplant_category_scientific,Carlina vulgaris,hostplant_or_hostplant_category_scientific_carlina_vulgaris,categorical
hostplant_or_hostplant_category_scientific,Cerastium arvense,hostplant_or_hostplant_category_scientific_cerastium_arvense,categorical
hostplant_or_hostplant_category_scientific,Chamaenerion angustifolium,hostplant_or_hostplant_category_scientific_chamaenerion_angustifolium,categorical
hostplant_or_hostplant_category_scientific,Clematis vitalba,hostplant_or_hostplant_category_scientific_clematis_vitalba,categorical
hostplant_or_hostplant_category_scientific,Comarum palustre,hostplant_or_hostplant_category_scientific_comarum_palustre,categorical
hostplant_or_hostplant_category_scientific,Convolvulus arvensis,hostplant_or_hostplant_category_scientific_convolvulus_arvensis,categorical
hostplant_or_hostplant_category_scientific,Cupressus macrocarpa,hostplant_or_hostplant_category_scientific_cupressus_macrocarpa,categorical
hostplant_or_hostplant_category_scientific,Cytisus scoparius,hostplant_or_hostplant_category_scientific_cytisus_scoparius,categorical
hostplant_or_hostplant_category_scientific,Daucus carota,hostplant_or_hostplant_category_scientific_daucus_carota,categorical
hostplant_or_hostplant_category_scientific,Deschampsia cespitosa,hostplant_or_hostplant_category_scientific_deschampsia_cespitosa,categorical
hostplant_or_hostplant_category_scientific,Descurainia sophia,hostplant_or_hostplant_category_scientific_descurainia_sophia,categorical
hostplant_or_hostplant_category_scientific,Digitalis purpurea,hostplant_or_hostplant_category_scientific_digitalis_purpurea,categorical
hostplant_or_hostplant_category_scientific,Empetrum nigrum,hostplant_or_hostplant_category_scientific_empetrum_nigrum,categorical
hostplant_or_hostplant_category_scientific,Ervum tetrasperma,hostplant_or_hostplant_category_scientific_ervum_tetrasperma,categorical
hostplant_or_hostplant_category_scientific,Euonymus europaeus,hostplant_or_hostplant_category_scientific_euonymus_europaeus,categorical
hostplant_or_hostplant_category_scientific,Eupatorium cannabinum,hostplant_or_hostplant_category_scientific_eupatorium_cannabinum,categorical
hostplant_or_hostplant_category_scientific,Euphorbia amygdaloides,hostplant_or_hostplant_category_scientific_euphorbia_amygdaloides,categorical
hostplant_or_hostplant_category_scientific,Euphorbia spp.,hostplant_or_hostplant_category_scientific_euphorbia_spp,categorical
hostplant_or_hostplant_category_scientific,Euphrasia spp.,hostplant_or_hostplant_category_scientific_euphrasia_spp,categorical
hostplant_or_hostplant_category_scientific,Fagus sylvatica,hostplant_or_hostplant_category_scientific_fagus_sylvatica,categorical
hostplant_or_hostplant_category_scientific,Festuca ovina,hostplant_or_hostplant_category_scientific_festuca_ovina,categorical
hostplant_or_hostplant_category_scientific,Fraxinus excelsior,hostplant_or_hostplant_category_scientific_fraxinus_excelsior,categorical
hostplant_or_hostplant_category_scientific,Galium palustre,hostplant_or_hostplant_category_scientific_galium_palustre,categorical
hostplant_or_hostplant_category_scientific,Galium saxatile,hostplant_or_hostplant_category_scientific_galium_saxatile,categorical
hostplant_or_hostplant_category_scientific,Galium verum,hostplant_or_hostplant_category_scientific_galium_verum,categorical
hostplant_or_hostplant_category_scientific,Helianthemum nummularium,hostplant_or_hostplant_category_scientific_helianthemum_nummularium,categorical
hostplant_or_hostplant_category_scientific,Hippocrepis comosa,hostplant_or_hostplant_category_scientific_hippocrepis_comosa,categorical
hostplant_or_hostplant_category_scientific,Humulus lupulus,hostplant_or_hostplant_category_scientific_humulus_lupulus,categorical
hostplant_or_hostplant_category_scientific,Hypericum spp.,hostplant_or_hostplant_category_scientific_hypericum_spp,categorical
hostplant_or_hostplant_category_scientific,Impatiens noli-tangere,hostplant_or_hostplant_category_scientific_impatiens_noli_tangere,categorical
hostplant_or_hostplant_category_scientific,Iris spp.,hostplant_or_hostplant_category_scientific_iris_spp,categorical
hostplant_or_hostplant_category_scientific,Juniperus communis,hostplant_or_hostplant_category_scientific_juniperus_communis,categorical
hostplant_or_hostplant_category_scientific,Juniperus spp.,hostplant_or_hostplant_category_scientific_juniperus_spp,categorical
hostplant_or_hostplant_category_scientific,Larix decidua,hostplant_or_hostplant_category_scientific_larix_decidua,categorical
hostplant_or_hostplant_category_scientific,Leymus arenarius,hostplant_or_hostplant_category_scientific_leymus_arenarius,categorical
hostplant_or_hostplant_category_scientific,Linaria vulgaris,hostplant_or_hostplant_category_scientific_linaria_vulgaris,categorical
hostplant_or_hostplant_category_scientific,Lonicera periclymenum,hostplant_or_hostplant_category_scientific_lonicera_periclymenum,categorical
hostplant_or_hostplant_category_scientific,Lonicera spp.,hostplant_or_hostplant_category_scientific_lonicera_spp,categorical
hostplant_or_hostplant_category_scientific,Lotus corniculatus,hostplant_or_hostplant_category_scientific_lotus_corniculatus,categorical
hostplant_or_hostplant_category_scientific,Lysimachia vulgaris,hostplant_or_hostplant_category_scientific_lysimachia_vulgaris,categorical
hostplant_or_hostplant_category_scientific,Malus domestica,hostplant_or_hostplant_category_scientific_malus_domestica,categorical
hostplant_or_hostplant_category_scientific,Melampyrum pratense,hostplant_or_hostplant_category_scientific_melampyrum_pratense,categorical
hostplant_or_hostplant_category_scientific,Nardus stricta,hostplant_or_hostplant_category_scientific_nardus_stricta,categorical
hostplant_or_hostplant_category_scientific,Ononis repens,hostplant_or_hostplant_category_scientific_ononis_repens,categorical
hostplant_or_hostplant_category_scientific,Parietaria judaica,hostplant_or_hostplant_category_scientific_parietaria_judaica,categorical
hostplant_or_hostplant_category_scientific,Petasites hybridus,hostplant_or_hostplant_category_scientific_petasites_hybridus,categorical
hostplant_or_hostplant_category_scientific,Peucedanum officinale,hostplant_or_hostplant_category_scientific_peucedanum_officinale,categorical
hostplant_or_hostplant_category_scientific,Phragmites australis,hostplant_or_hostplant_category_scientific_phragmites_australis,categorical
hostplant_or_hostplant_category_scientific,Picea abies,hostplant_or_hostplant_category_scientific_picea_abies,categorical
hostplant_or_hostplant_category_scientific,Pimpinella saxifraga,hostplant_or_hostplant_category_scientific_pimpinella_saxifraga,categorical
hostplant_or_hostplant_category_scientific,Pinus sylvestris,hostplant_or_hostplant_category_scientific_pinus_sylvestris,categorical
hostplant_or_hostplant_category_scientific,Polygonum aviculare,hostplant_or_hostplant_category_scientific_polygonum_aviculare,categorical
hostplant_or_hostplant_category_scientific,Populus tremula,hostplant_or_hostplant_category_scientific_populus_tremula,categorical
hostplant_or_hostplant_category_scientific,Prunus spinosa,hostplant_or_hostplant_category_scientific_prunus_spinosa,categorical
hostplant_or_hostplant_category_scientific,Pteridium aquilinum,hostplant_or_hostplant_category_scientific_pteridium_aquilinum,categorical
hostplant_or_hostplant_category_scientific,Quercus ilex,hostplant_or_hostplant_category_scientific_quercus_ilex,categorical
hostplant_or_hostplant_category_scientific,Quercus robur,hostplant_or_hostplant_category_scientific_quercus_robur,categorical
hostplant_or_hostplant_category_scientific,Quercus spp.,hostplant_or_hostplant_category_scientific_quercus_spp,categorical
hostplant_or_hostplant_category_scientific,Rhamnus cathartica,hostplant_or_hostplant_category_scientific_rhamnus_cathartica,categorical
hostplant_or_hostplant_category_scientific,Rhinanthus minor,hostplant_or_hostplant_category_scientific_rhinanthus_minor,categorical
hostplant_or_hostplant_category_scientific,Rubus idaeus,hostplant_or_hostplant_category_scientific_rubus_idaeus,categorical
hostplant_or_hostplant_category_scientific,Salix spp.,hostplant_or_hostplant_category_scientific_salix_spp,categorical
hostplant_or_hostplant_category_scientific,Schedonorus arundinaceus,hostplant_or_hostplant_category_scientific_schedonorus_arundinaceus,categorical
hostplant_or_hostplant_category_scientific,Serratula tinctoria,hostplant_or_hostplant_category_scientific_serratula_tinctoria,categorical
hostplant_or_hostplant_category_scientific,Sesleria caerulea,hostplant_or_hostplant_category_scientific_sesleria_caerulea,categorical
hostplant_or_hostplant_category_scientific,Silene dioica,hostplant_or_hostplant_category_scientific_silene_dioica,categorical
hostplant_or_hostplant_category_scientific,Silene nutans,hostplant_or_hostplant_category_scientific_silene_nutans,categorical
hostplant_or_hostplant_category_scientific,Silene uniflora,hostplant_or_hostplant_category_scientific_silene_uniflora,categorical
hostplant_or_hostplant_category_scientific,Solanum tuberosum,hostplant_or_hostplant_category_scientific_solanum_tuberosum,categorical
hostplant_or_hostplant_category_scientific,Solidago virgaurea,hostplant_or_hostplant_category_scientific_solidago_virgaurea,categorical
hostplant_or_hostplant_category_scientific,Tamarix gallica,hostplant_or_hostplant_category_scientific_tamarix_gallica,categorical
hostplant_or_hostplant_category_scientific,Teucrium scorodonia,hostplant_or_hostplant_category_scientific_teucrium_scorodonia,categorical
hostplant_or_hostplant_category_scientific,Thymus drucei,hostplant_or_hostplant_category_scientific_thymus_drucei,categorical
hostplant_or_hostplant_category_scientific,Thysselinum palustre,hostplant_or_hostplant_category_scientific_thysselinum_palustre,categorical
hostplant_or_hostplant_category_scientific,Tilia cordata,hostplant_or_hostplant_category_scientific_tilia_cordata,categorical
hostplant_or_hostplant_category_scientific,Ulmus glabra,hostplant_or_hostplant_category_scientific_ulmus_glabra,categorical
hostplant_or_hostplant_category_scientific,Urtica dioica,hostplant_or_hostplant_category_scientific_urtica_dioica,categorical
hostplant_or_hostplant_category_scientific,Usnea spp.,hostplant_or_hostplant_category_scientific_usnea_spp,categorical
hostplant_or_hostplant_category_scientific,Vaccinium myrtillus,hostplant_or_hostplant_category_scientific_vaccinium_myrtillus,categorical
hostplant_native,1,hostplant_native,binary_1_means_present
hostplant_main_non_native,1,hostplant_main_non_native,binary_1_means_present
hostplant_only_non_native,1,hostplant_only_non_native,binary_1_means_present
sedges_most_common,1,sedges_most_common,binary_1_means_present
sedges_occasional,1,sedges_occasional,binary_1_means_present
sedges_also_reported,1,sedges_also_reported,binary_1_means_present
sedges_continental_europe,1,sedges_continental_europe,binary_1_means_present
rushes_most_common,1,rushes_most_common,binary_1_means_present
rushes_occasional,1,rushes_occasional,binary_1_means_present
rushes_also_reported,1,rushes_also_reported,binary_1_means_present
rushes_continental_europe,1,rushes_continental_europe,binary_1_means_present
grasses_most_common,1,grasses_most_common,binary_1_means_present
grasses_occasional,1,grasses_occasional,binary_1_means_present
grasses_also_reported,1,grasses_also_reported,binary_1_means_present
grasse_contintental_europe,1,grasse_contintental_europe,binary_1_means_present
forbs_most_common,1,forbs_most_common,binary_1_means_present
forbs_occasional,1,forbs_occasional,binary_1_means_present
forbs_also_reported,1,forbs_also_reported,binary_1_means_present
forbs_continental_europe,1,forbs_continental_europe,binary_1_means_present
ferns_most_common,1,ferns_most_common,binary_1_means_present
ferns_occasional,1,ferns_occasional,binary_1_means_present
ferns_also_reported,1,ferns_also_reported,binary_1_means_present
ferns_continental_europe,1,ferns_continental_europe,binary_1_means_present
broadleaf_trees_most_common,1,broadleaf_trees_most_common,binary_1_means_present
broadleaf_trees_occasional,1,broadleaf_trees_occasional,binary_1_means_present
broadleaf_trees_also_reported,1,broadleaf_trees_also_reported,binary_1_means_present
broadleaf_trees_continental_europe,1,broadleaf_trees_continental_europe,binary_1_means_present
coniferous_trees_most_common,1,coniferous_trees_most_common,binary_1_means_present
coniferous_trees_occasional,1,coniferous_trees_occasional,binary_1_means_present
coniferous_trees_also_reported,1,coniferous_trees_also_reported,binary_1_means_present
coniferous_trees_continental_europe,1,coniferous_trees_continental_europe,binary_1_means_present
shrubs_dwarf_shrubs_most_common,1,shrubs_dwarf_shrubs_most_common,binary_1_means_present
shrubs_dwarf_shrubs_occasional,1,shrubs_dwarf_shrubs_occasional,binary_1_means_present
shrubs_dwarf_shrubs_also_reported,1,shrubs_dwarf_shrubs_also_reported,binary_1_means_present
shrubs_dwarf_shrubs_continental_europe,1,shrubs_dwarf_shrubs_continental_europe,binary_1_means_present
mosses_most_common,1,mosses_most_common,binary_1_means_present
mosses_occasional,1,mosses_occasional,binary_1_means_present
mosses_also_reported,1,mosses_also_reported,binary_1_means_present
mosses_continental_europe,1,mosses_continental_europe,binary_1_means_present
lichens_algae_most_common,1,lichens_algae_most_common,binary_1_means_present
lichens_algae_occasional,1,lichens_algae_occasional,binary_1_means_present
lichens_algae_also_reported,1,lichens_algae_also_reported,binary_1_means_present
lichens_algae_continental_europe,1,lichens_algae_continental_europe,binary_1_means_present
fungi_most_common,1,fungi_most_common,binary_1_means_present
fungi_occasional,1,fungi_occasional,binary_1_means_present
fungi_also_reported,1,fungi_also_reported,binary_1_means_present
fungi_continental_europe,1,fungi_continental_europe,binary_1_means_present
slime_moulds_most_common,1,slime_moulds_most_common,binary_1_means_present
slime_moulds_occasional,1,slime_moulds_occasional,binary_1_means_present
slime_moulds_also_reported,1,slime_moulds_also_reported,binary_1_means_present
slime_moulds_continental_europe,1,slime_moulds_continental_europe,binary_1_means_present
detritus_most_common,1,detritus_most_common,binary_1_means_present
detritus_occasional,1,detritus_occasional,binary_1_means_present
detritus_also_reported,1,detritus_also_reported,binary_1_means_present
detritus_continental_europe,1,detritus_continental_europe,binary_1_means_present
aquatic_plants_most_common,1,aquatic_plants_most_common,binary_1_means_present
aquatic_plants_occasional,1,aquatic_plants_occasional,binary_1_means_present
aquatic_plants_also_reported,1,aquatic_plants_also_reported,binary_1_means_present
aquatic_plants_continental_europe,1,aquatic_plants_continental_europe,binary_1_means_present
dead_withered_leaves_most_common,1,dead_withered_leaves_most_common,binary_1_means_present
dead_withered_leaves_occasional,1,dead_withered_leaves_occasional,binary_1_means_present
dead_withered_leaves_also_reported,1,dead_withered_leaves_also_reported,binary_1_means_present
dead_withered_leaves_continental_europe,1,dead_withered_leaves_continental_europe,binary_1_means_present
live_dead_invertebrates_meat_most_common,1,live_dead_invertebrates_meat_most_common,binary_1_means_present
live_dead_invertebrates_meat_occasional,1,live_dead_invertebrates_meat_occasional,binary_1_means_present
live_dead_invertebrates_meat_also_reported,1,live_dead_invertebrates_meat_also_reported,binary_1_means_present
live_dead_invertebrates_meat_continental_europe,1,live_dead_invertebrates_meat_continental_europe,binary_1_means_present
galls_most_common,1,galls_most_common,binary_1_means_present
galls_occasional,1,galls_occasional,binary_1_means_present
galls_also_reported,1,galls_also_reported,binary_1_means_present
galls_continental_europe,1,galls_continental_europe,binary_1_means_present
stored_goods_most_common,1,stored_goods_most_common,binary_1_means_present
stored_goods_occasional,1,stored_goods_occasional,binary_1_means_present
stored_goods_also_reported,1,stored_goods_also_reported,binary_1_means_present
stored_goods_continental_europe,1,stored_goods_continental_europe,binary_1_means_present
other,1,other,binary_1_means_present
roots,1,roots,binary_1_means_present
stem_shoot,1,stem_shoot,binary_1_means_present
trunk_branches,1,trunk_branches,binary_1_means_present
seeds_berries_fruits,1,seeds_berries_fruits,binary_1_means_present
flowers_flower_buds_catkins,1,flowers_flower_buds_catkins,binary_1_means_present
leaves_leaf_buds_fronds_external,1,leaves_leaf_buds_fronds_external,binary_1_means_present
leaves_internal_mines,1,leaves_internal_mines,binary_1_means_present
host_plant_section_other,1- amongst mosses,host_plant_section_other_1_amongst_mosses,categorical
host_plant_section_other,"Algae, Lichens, Mosses on trunks/twigs",host_plant_section_other_algae_lichens_mosses_on_trunks_twigs,categorical
host_plant_section_other,Algae/Lichens,host_plant_section_other_algae_lichens,categorical
host_plant_section_other,Algae/Lichens on trees,host_plant_section_other_algae_lichens_on_trees,categorical
host_plant_section_other,"Fungi, slime moulds, lichen",host_plant_section_other_fungi_slime_moulds_lichen,categorical
host_plant_section_other,Insects,host_plant_section_other_insects,categorical
host_plant_section_other,"Insects, fungi",host_plant_section_other_insects_fungi,categorical
host_plant_section_other,Lichens,host_plant_section_other_lichens,categorical
host_plant_section_other,Lichens/Algae,host_plant_section_other_lichens_algae,categorical
host_plant_section_other,Lichens?,host_plant_section_other_lichens,categorical
host_plant_section_other,Meat,host_plant_section_other_meat,categorical
host_plant_section_other,Myrmica sabuleti grubs,host_plant_section_other_myrmica_sabuleti_grubs,categorical
host_plant_section_other,Omnivorous,host_plant_section_other_omnivorous,categorical
host_plant_section_other,Petiole,host_plant_section_other_petiole,categorical
host_plant_section_other,Rhizomes,host_plant_section_other_rhizomes,categorical
host_plant_section_other,cut stumps,host_plant_section_other_cut_stumps,categorical
host_plant_section_other,galls,host_plant_section_other_galls,categorical
host_plant_section_other,wasp galls,host_plant_section_other_wasp_galls,categorical
willow_salix_spp_main,1,willow_salix_spp_main,binary_1_means_present
willow_salix_spp_occasional,1,willow_salix_spp_occasional,binary_1_means_present
willow_salix_spp_also_reported,1,willow_salix_spp_also_reported,binary_1_means_present
birches_betula_spp_main,1,birches_betula_spp_main,binary_1_means_present
birches_betula_spp_occasional,1,birches_betula_spp_occasional,binary_1_means_present
birches_betula_spp_also_reported,1,birches_betula_spp_also_reported,binary_1_means_present
blackthorn_prunus_spinosa_main,1,blackthorn_prunus_spinosa_main,binary_1_means_present
blackthorn_prunus_spinosa_occasional,1,blackthorn_prunus_spinosa_occasional,binary_1_means_present
blackthorn_prunus_spinosa_also_reported,1,blackthorn_prunus_spinosa_also_reported,binary_1_means_present
oaks_quercus_spp_main,1,oaks_quercus_spp_main,binary_1_means_present
oaks_quercus_spp_occasional,1,oaks_quercus_spp_occasional,binary_1_means_present
oaks_quercus_spp_also_reported,1,oaks_quercus_spp_also_reported,binary_1_means_present
hawthorn_crataegus_monogyna_main,1,hawthorn_crataegus_monogyna_main,binary_1_means_present
hawthorn_crataegus_monogyna_occasional,1,hawthorn_crataegus_monogyna_occasional,binary_1_means_present
hawthorn_crataegus_monogyna_also_reported,1,hawthorn_crataegus_monogyna_also_reported,binary_1_means_present
docks_rumex_spp_main,1,docks_rumex_spp_main,binary_1_means_present
docks_rumex_spp_occasional,1,docks_rumex_spp_occasional,binary_1_means_present
docks_rumex_spp_also_reported,1,docks_rumex_spp_also_reported,binary_1_means_present
hazel_corylus_avellana_main,1,hazel_corylus_avellana_main,binary_1_means_present
hazel_corylus_avellana_occasional,1,hazel_corylus_avellana_occasional,binary_1_means_present
hazel_corylus_avellana_also_reported,1,hazel_corylus_avellana_also_reported,binary_1_means_present
heather_calluna_vulgaris_main,1,heather_calluna_vulgaris_main,binary_1_means_present
heather_calluna_vulgaris_occasional,1,heather_calluna_vulgaris_occasional,binary_1_means_present
heather_calluna_vulgaris_also_reported,1,heather_calluna_vulgaris_also_reported,binary_1_means_present
bramble_rubus_fruticosus_main,1,bramble_rubus_fruticosus_main,binary_1_means_present
bramble_rubus_fruticosus_occasional,1,bramble_rubus_fruticosus_occasional,binary_1_means_present
bramble_rubus_fruticosus_also_reported,1,bramble_rubus_fruticosus_also_reported,binary_1_means_present
bilberry_vaccinium_myrtillus_main,1,bilberry_vaccinium_myrtillus_main,binary_1_means_present
bilberry_vaccinium_myrtillus_occasional,1,bilberry_vaccinium_myrtillus_occasional,binary_1_means_present
bilberry_vaccinium_myrtillus_also_reported,1,bilberry_vaccinium_myrtillus_also_reported,binary_1_means_present
alder_alnus_glutinosa_main,1,alder_alnus_glutinosa_main,binary_1_means_present
alder_alnus_glutinosa_occasional,1,alder_alnus_glutinosa_occasional,binary_1_means_present
alder_alnus_glutinosa_also_reported,1,alder_alnus_glutinosa_also_reported,binary_1_means_present
pedunculate_oak_quercus_robur_main,1,pedunculate_oak_quercus_robur_main,binary_1_means_present
pedunculate_oak_quercus_robur_occasional,1,pedunculate_oak_quercus_robur_occasional,binary_1_means_present
pedunculate_oak_quercus_robur_also_reported,1,pedunculate_oak_quercus_robur_also_reported,binary_1_means_present
aspen_populus_tremula_main,1,aspen_populus_tremula_main,binary_1_means_present
aspen_populus_tremula_occasional,1,aspen_populus_tremula_occasional,binary_1_means_present
aspen_populus_tremula_also_reported,1,aspen_populus_tremula_also_reported,binary_1_means_present
elms_ulmus_spp_main,1,elms_ulmus_spp_main,binary_1_means_present
elms_ulmus_spp_occasional,1,elms_ulmus_spp_occasional,binary_1_means_present
elms_ulmus_spp_also_reported,1,elms_ulmus_spp_also_reported,binary_1_means_present
dandelions_taraxacum_spp_main,1,dandelions_taraxacum_spp_main,binary_1_means_present
dandelions_taraxacum_spp_occasional,1,dandelions_taraxacum_spp_occasional,binary_1_means_present
dandelions_taraxacum_spp_also_reported,1,dandelions_taraxacum_spp_also_reported,binary_1_means_present
downy_birch_betula_pubescens_main,1,downy_birch_betula_pubescens_main,binary_1_means_present
downy_birch_betula_pubescens_occasional,1,downy_birch_betula_pubescens_occasional,binary_1_means_present
downy_birch_betula_pubescens_also_reported,1,downy_birch_betula_pubescens_also_reported,binary_1_means_present
hawthorns_crataegus_spp_main,1,hawthorns_crataegus_spp_main,binary_1_means_present
hawthorns_crataegus_spp_occasional,1,hawthorns_crataegus_spp_occasional,binary_1_means_present
hawthorns_crataegus_spp_also_reported,1,hawthorns_crataegus_spp_also_reported,binary_1_means_present
beech_fagus_sylvatica_main,1,beech_fagus_sylvatica_main,binary_1_means_present
beech_fagus_sylvatica_occasional,1,beech_fagus_sylvatica_occasional,binary_1_means_present
beech_fagus_sylvatica_also_reported,1,beech_fagus_sylvatica_also_reported,binary_1_means_present
honeysuckle_lonicera_periclymenum_main,1,honeysuckle_lonicera_periclymenum_main,binary_1_means_present
honeysuckle_lonicera_periclymenum_occasional,1,honeysuckle_lonicera_periclymenum_occasional,binary_1_means_present
honeysuckle_lonicera_periclymenum_also_reported,1,honeysuckle_lonicera_periclymenum_also_reported,binary_1_means_present
1_woodland,1,1_woodland,binary_1_means_present
1a_broadleaved_woodland,1,1a_broadleaved_woodland,binary_1_means_present
1b_coniferious_woodland,1,1b_coniferious_woodland,binary_1_means_present
1c_scrub_and_hedgerows,1,1c_scrub_and_hedgerows,binary_1_means_present
1d_wet_woodland_alder_willow_carr,1,1d_wet_woodland_alder_willow_carr,binary_1_means_present
2_heathland,1,2_heathland,binary_1_means_present
3_moorland,1,3_moorland,binary_1_means_present
4_grassland,1,4_grassland,binary_1_means_present
4a_calcareou_grassland,1,4a_calcareou_grassland,binary_1_means_present
4b_wet_grassland,1,4b_wet_grassland,binary_1_means_present
4c_acid_grassland,1,4c_acid_grassland,binary_1_means_present
5_wetlands,1,5_wetlands,binary_1_means_present
5a_bog_mosses_mires,1,5a_bog_mosses_mires,binary_1_means_present
5b_fens_and_marshes,1,5b_fens_and_marshes,binary_1_means_present
5c_reedbeds,1,5c_reedbeds,binary_1_means_present
6a_sand_dunes,1,6a_sand_dunes,binary_1_means_present
6b_saltmarsh,1,6b_saltmarsh,binary_1_means_present
6c_rocky_coast,1,6c_rocky_coast,binary_1_means_present
6d_coastal_shingle,1,6d_coastal_shingle,binary_1_means_present
7_montane_upland_obligate,1,7_montane_upland_obligate,binary_1_means_present
7_montane_upland_predominately,1,7_montane_upland_predominately,binary_1_means_present
7_montane_upland_generalist,1,7_montane_upland_generalist,binary_1_means_present
8_other,Agricultural land,8_other_agricultural_land,categorical
8_other,"All habitats (not high altitude), farmland",8_other_all_habitats_not_high_altitude_farmland,categorical
8_other,Arable farmland,8_other_arable_farmland,categorical
8_other,Arable fields,8_other_arable_fields,categorical
8_other,Damp field corners,8_other_damp_field_corners,categorical
8_other,Fairly ubiquitous,8_other_fairly_ubiquitous,categorical
8_other,Fallow fields,8_other_fallow_fields,categorical
8_other,Farmalnd,8_other_farmalnd,categorical
8_other,Farmland,8_other_farmland,categorical
8_other,Field margins,8_other_field_margins,categorical
8_other,"Field margins, fallow fields",8_other_field_margins_fallow_fields,categorical
8_other,Fruit Farms,8_other_fruit_farms,categorical
8_other,Grassy fields,8_other_grassy_fields,categorical
8_other,Habitats listed based on Europe,8_other_habitats_listed_based_on_europe,categorical
8_other,Limestone pavement,8_other_limestone_pavement,categorical
8_other,Lucerne crops,8_other_lucerne_crops,categorical
8_other,"Many habitats, cultivated areas",8_other_many_habitats_cultivated_areas,categorical
8_other,Most habitats,8_other_most_habitats,categorical
8_other,Open distrubed ground,8_other_open_distrubed_ground,categorical
8_other,River Shingles,8_other_river_shingles,categorical
8_other,River shingles,8_other_river_shingles,categorical
8_other,Rural gardens,8_other_rural_gardens,categorical
8_other,Sand/shingle banks of rivers,8_other_sand_shingle_banks_of_rivers,categorical
8_other,"Soft-rock cliffs, hay meadows",8_other_soft_rock_cliffs_hay_meadows,categorical
8_other,Ubiquitous,8_other_ubiquitous,categorical
8_other,Urban,8_other_urban,categorical
8_other,Wherever hostplant grows,8_other_wherever_hostplant_grows,categorical
8_other,Wherever hostplants grow,8_other_wherever_hostplants_grow,categorical
8_other,rural garden close to farmland and moorland,8_other_rural_garden_close_to_farmland_and_moorland,categorical
